-- phpMyAdmin SQL Dump
-- version 5.2.1
-- https://www.phpmyadmin.net/
--
-- Host: localhost
-- Generation Time: Jun 26, 2026 at 09:53 AM
-- Server version: 10.4.28-MariaDB
-- PHP Version: 8.2.4

SET SQL_MODE = "NO_AUTO_VALUE_ON_ZERO";
START TRANSACTION;
SET time_zone = "+00:00";


/*!40101 SET @OLD_CHARACTER_SET_CLIENT=@@CHARACTER_SET_CLIENT */;
/*!40101 SET @OLD_CHARACTER_SET_RESULTS=@@CHARACTER_SET_RESULTS */;
/*!40101 SET @OLD_COLLATION_CONNECTION=@@COLLATION_CONNECTION */;
/*!40101 SET NAMES utf8mb4 */;

--
-- Database: `attendance_system_db`
--

-- --------------------------------------------------------

--
-- Table structure for table `admin_auth`
--

CREATE TABLE `admin_auth` (
  `id` int(11) NOT NULL,
  `password_hash` varchar(255) NOT NULL
) ENGINE=InnoDB DEFAULT CHARSET=utf8mb4 COLLATE=utf8mb4_general_ci;

--
-- Dumping data for table `admin_auth`
--

INSERT INTO `admin_auth` (`id`, `password_hash`) VALUES
(1, '$2y$10$rrBb/KLHNtIIa31wtvcTD.1sqy6wwlt42dYXMIv3/xq5uXz4E/IWS');

-- --------------------------------------------------------

--
-- Table structure for table `attendance_logs`
--

CREATE TABLE `attendance_logs` (
  `id` int(11) NOT NULL,
  `student_id` int(11) NOT NULL,
  `action_type` enum('clock_in','clock_out') NOT NULL,
  `timestamp` datetime NOT NULL,
  `ip_address` varchar(45) DEFAULT '127.0.0.1',
  `image_path` varchar(255) DEFAULT NULL,
  `photo_status` enum('pending','approved','rejected') DEFAULT 'pending',
  `reason` text DEFAULT NULL
) ENGINE=InnoDB DEFAULT CHARSET=utf8mb4 COLLATE=utf8mb4_general_ci;

--
-- Dumping data for table `attendance_logs`
--

INSERT INTO `attendance_logs` (`id`, `student_id`, `action_type`, `timestamp`, `ip_address`, `image_path`, `photo_status`, `reason`) VALUES
(55, 7, 'clock_in', '2026-06-19 08:00:00', '127.0.0.1', NULL, 'approved', NULL),
(56, 8, 'clock_in', '2026-06-19 08:00:00', '127.0.0.1', NULL, 'approved', NULL),
(57, 9, 'clock_in', '2026-06-19 08:00:00', '127.0.0.1', NULL, 'approved', NULL),
(58, 10, 'clock_in', '2026-06-19 08:00:00', '127.0.0.1', NULL, 'approved', NULL),
(59, 11, 'clock_in', '2026-06-19 08:00:00', '127.0.0.1', NULL, 'approved', NULL),
(60, 12, 'clock_in', '2026-06-19 08:00:00', '127.0.0.1', NULL, 'approved', NULL),
(61, 13, 'clock_in', '2026-06-19 08:00:00', '127.0.0.1', NULL, 'approved', NULL),
(62, 14, 'clock_in', '2026-06-19 08:00:00', '127.0.0.1', NULL, 'approved', NULL),
(63, 15, 'clock_in', '2026-06-19 08:00:00', '127.0.0.1', NULL, 'approved', NULL),
(64, 16, 'clock_in', '2026-06-19 08:00:00', '127.0.0.1', NULL, 'approved', NULL),
(65, 17, 'clock_in', '2026-06-19 08:00:00', '127.0.0.1', NULL, 'approved', NULL),
(66, 18, 'clock_in', '2026-06-19 08:00:00', '127.0.0.1', NULL, 'approved', NULL),
(67, 19, 'clock_in', '2026-06-19 08:00:00', '127.0.0.1', NULL, 'approved', NULL),
(68, 20, 'clock_in', '2026-06-19 08:00:00', '127.0.0.1', NULL, 'approved', NULL),
(69, 21, 'clock_in', '2026-06-19 08:00:00', '127.0.0.1', NULL, 'approved', NULL),
(70, 22, 'clock_in', '2026-06-19 08:00:00', '127.0.0.1', NULL, 'approved', NULL),
(71, 23, 'clock_in', '2026-06-19 08:00:00', '127.0.0.1', NULL, 'approved', NULL),
(72, 24, 'clock_in', '2026-06-19 08:00:00', '127.0.0.1', NULL, 'approved', NULL),
(73, 25, 'clock_in', '2026-06-19 08:00:00', '127.0.0.1', NULL, 'approved', NULL),
(74, 30, 'clock_in', '2026-06-19 08:00:00', '127.0.0.1', NULL, 'approved', NULL),
(88, 7, 'clock_out', '2026-06-19 17:12:00', '::1', 'uploads/attendance/attendance_7_1781860320_6a3507e04d87d.jpg', 'approved', NULL),
(89, 9, 'clock_out', '2026-06-19 17:12:38', '::1', 'uploads/attendance/attendance_9_1781860358_6a350806857d9.jpg', 'approved', NULL),
(90, 8, 'clock_out', '2026-06-19 17:12:59', '::1', 'uploads/attendance/attendance_8_1781860379_6a35081bf1cdd.jpg', 'approved', NULL),
(91, 18, 'clock_out', '2026-06-19 17:13:20', '::1', 'uploads/attendance/attendance_18_1781860400_6a3508309d9de.jpg', 'approved', NULL),
(92, 13, 'clock_out', '2026-06-19 17:13:43', '::1', 'uploads/attendance/attendance_13_1781860423_6a35084772ae9.jpg', 'approved', NULL),
(93, 15, 'clock_out', '2026-06-19 17:14:03', '::1', 'uploads/attendance/attendance_15_1781860443_6a35085b27718.jpg', 'approved', NULL),
(94, 21, 'clock_out', '2026-06-19 17:14:18', '::1', 'uploads/attendance/attendance_21_1781860458_6a35086a1f544.jpg', 'approved', NULL),
(95, 20, 'clock_out', '2026-06-19 17:14:42', '::1', 'uploads/attendance/attendance_20_1781860482_6a3508825acaa.jpg', 'approved', NULL),
(96, 25, 'clock_out', '2026-06-19 17:14:58', '::1', 'uploads/attendance/attendance_25_1781860498_6a350892b791e.jpg', 'approved', NULL),
(97, 14, 'clock_out', '2026-06-19 17:15:14', '::1', 'uploads/attendance/attendance_14_1781860514_6a3508a2cf7dc.jpg', 'approved', NULL),
(98, 12, 'clock_out', '2026-06-19 17:15:58', '::1', 'uploads/attendance/attendance_12_1781860558_6a3508ce36364.jpg', 'approved', NULL),
(99, 23, 'clock_out', '2026-06-19 17:16:17', '::1', 'uploads/attendance/attendance_23_1781860577_6a3508e153aa4.jpg', 'approved', NULL),
(100, 24, 'clock_out', '2026-06-19 17:16:35', '::1', 'uploads/attendance/attendance_24_1781860595_6a3508f376f40.jpg', 'approved', NULL),
(101, 22, 'clock_out', '2026-06-19 17:16:48', '::1', 'uploads/attendance/attendance_22_1781860608_6a350900d6efc.jpg', 'approved', NULL),
(102, 17, 'clock_out', '2026-06-19 17:17:11', '::1', 'uploads/attendance/attendance_17_1781860631_6a3509170c176.jpg', 'approved', NULL),
(103, 10, 'clock_out', '2026-06-19 17:17:45', '::1', 'uploads/attendance/attendance_10_1781860665_6a350939dfa88.jpg', 'approved', NULL),
(104, 16, 'clock_out', '2026-06-19 17:18:06', '::1', 'uploads/attendance/attendance_16_1781860686_6a35094ee0603.jpg', 'approved', NULL),
(105, 11, 'clock_out', '2026-06-19 17:18:22', '::1', 'uploads/attendance/attendance_11_1781860702_6a35095ed5bb7.jpg', 'approved', NULL),
(106, 19, 'clock_out', '2026-06-19 17:18:50', '::1', 'uploads/attendance/attendance_19_1781860730_6a35097a22ba4.jpg', 'approved', NULL),
(107, 30, 'clock_out', '2026-06-19 17:19:20', '::1', 'uploads/attendance/attendance_30_1781860760_6a35099823a8c.jpg', 'approved', NULL);

-- --------------------------------------------------------

--
-- Table structure for table `batches`
--

CREATE TABLE `batches` (
  `id` int(11) NOT NULL,
  `name` varchar(255) NOT NULL,
  `created_at` timestamp NOT NULL DEFAULT current_timestamp(),
  `deleted_at` timestamp NULL DEFAULT NULL
) ENGINE=InnoDB DEFAULT CHARSET=utf8mb4 COLLATE=utf8mb4_general_ci;

--
-- Dumping data for table `batches`
--

INSERT INTO `batches` (`id`, `name`, `created_at`, `deleted_at`) VALUES
(1, 'Batch 2026 Apple Intern', '2026-06-19 07:11:16', NULL),
(4, 'batch baru', '2026-06-19 07:54:32', NULL),
(6, 'STDC Program 1', '2026-06-24 00:34:24', NULL),
(7, 'test', '2026-06-24 03:19:52', NULL);

-- --------------------------------------------------------

--
-- Table structure for table `students`
--

CREATE TABLE `students` (
  `id` int(11) NOT NULL,
  `full_name` varchar(255) NOT NULL,
  `created_at` timestamp NOT NULL DEFAULT current_timestamp(),
  `batch_id` int(11) DEFAULT NULL,
  `face_descriptor` text DEFAULT NULL
) ENGINE=InnoDB DEFAULT CHARSET=utf8mb4 COLLATE=utf8mb4_general_ci;

--
-- Dumping data for table `students`
--

INSERT INTO `students` (`id`, `full_name`, `created_at`, `batch_id`, `face_descriptor`) VALUES
(7, 'ARIENA FARISHA BINTI ABDUL MURAD', '2026-06-19 06:57:22', 1, '[-0.108352415263652801513671875,0.0632265508174896240234375,0.079887174069881439208984375,-0.108856134116649627685546875,-0.11906276643276214599609375,-0.0005932980566285550594329833984375,-0.082614369690418243408203125,-0.08383984863758087158203125,0.13708557188510894775390625,-0.179034769535064697265625,0.16280610859394073486328125,-0.031834058463573455810546875,-0.17505992949008941650390625,-0.08698229491710662841796875,-0.053835235536098480224609375,0.2412613332271575927734375,-0.19027553498744964599609375,-0.18875275552272796630859375,-0.02844854630529880523681640625,-0.0466038882732391357421875,-0.005963887088000774383544921875,0.001037369132973253726959228515625,0.109387874603271484375,0.0621017515659332275390625,-0.158330738544464111328125,-0.40115582942962646484375,-0.080322600901126861572265625,-0.073171317577362060546875,-0.0544380247592926025390625,-0.06484009325504302978515625,-0.00301552377641201019287109375,0.0831178724765777587890625,-0.18555383384227752685546875,0.01854559965431690216064453125,-0.007029927335679531097412109375,0.092163644731044769287109375,0.0281454361975193023681640625,-0.0601895935833454132080078125,0.20615629851818084716796875,0.02967533282935619354248046875,-0.22617791593074798583984375,-0.0234778411686420440673828125,0.064612500369548797607421875,0.2593977153301239013671875,0.146471083164215087890625,0.0257648192346096038818359375,0.054202310740947723388671875,-0.12186424434185028076171875,0.14687971770763397216796875,-0.2363204061985015869140625,0.0591398887336254119873046875,0.128506958484649658203125,-0.002535154111683368682861328125,0.0348550789058208465576171875,0.0343959331512451171875,-0.044474832713603973388671875,0.07580615580081939697265625,0.09639729559421539306640625,-0.13378535211086273193359375,0.00256030703894793987274169921875,0.01341428793966770172119140625,-0.00753367505967617034912109375,0.0039894361980259418487548828125,-0.107735671103000640869140625,0.266645908355712890625,0.111163794994354248046875,-0.083065904676914215087890625,-0.17540700733661651611328125,0.16268174350261688232421875,-0.102292366325855255126953125,-0.115375258028507232666015625,0.0331269316375255584716796875,-0.153140723705291748046875,-0.13857881724834442138671875,-0.3411262333393096923828125,-0.0501124858856201171875,0.3559042513370513916015625,0.15009059011936187744140625,-0.12142644822597503662109375,0.08069021999835968017578125,-0.10320921242237091064453125,-0.0624784864485263824462890625,0.031910844147205352783203125,0.15877123177051544189453125,-0.0389754585921764373779296875,0.0494128130376338958740234375,-0.04056669771671295166015625,0.0758496224880218505859375,0.2465933859348297119140625,-0.0533508919179439544677734375,-0.048942349851131439208984375,0.21401594579219818115234375,0.0238962881267070770263671875,0.09021179378032684326171875,-0.01814259774982929229736328125,0.02969692647457122802734375,-0.113621532917022705078125,0.07803507149219512939453125,-0.16368670761585235595703125,-0.01162412203848361968994140625,0.0304818712174892425537109375,0.0590474568307399749755859375,0.02978181280195713043212890625,0.1391439735889434814453125,-0.21235065162181854248046875,0.16024766862392425537109375,-0.02735065855085849761962890625,-0.0226184427738189697265625,0.01847999356687068939208984375,0.084612883627414703369140625,-0.10769681632518768310546875,-0.085850812494754791259765625,0.099227868020534515380859375,-0.191327869892120361328125,0.1523132622241973876953125,0.213411748409271240234375,0.07645618915557861328125,0.114140056073665618896484375,0.13350637257099151611328125,0.062610648572444915771484375,-0.00379208638332784175872802734375,-0.01862866617739200592041015625,-0.1795977056026458740234375,-0.0075390241108834743499755859375,0.1139507591724395751953125,-0.0482901073992252349853515625,0.06207369267940521240234375,0.08469294011592864990234375]'),
(8, 'AVRIL ILHAM BIN HASNOL HISHAM', '2026-06-19 06:57:22', 1, '[-0.1655535399913787841796875,0.1493495404720306396484375,0.08101613819599151611328125,-0.0187619961798191070556640625,-0.064848721027374267578125,0.036060333251953125,-0.075476102530956268310546875,-0.0725637376308441162109375,0.153585374355316162109375,-0.099951826035976409912109375,0.192632973194122314453125,-0.08063162863254547119140625,-0.210429489612579345703125,-0.15325205028057098388671875,0.01973231136798858642578125,0.1900699436664581298828125,-0.18637625873088836669921875,-0.16331349313259124755859375,0.00378810591064393520355224609375,-0.04255078732967376708984375,0.0820488035678863525390625,-0.02445997297763824462890625,-0.0072119575925171375274658203125,0.0584971718490123748779296875,-0.12088906764984130859375,-0.3187271654605865478515625,-0.063497148454189300537109375,-0.1543482244014739990234375,-0.03604967892169952392578125,-0.1267507374286651611328125,-0.08329506218433380126953125,-0.02753387391567230224609375,-0.23813283443450927734375,-0.0532005615532398223876953125,-0.06612475216388702392578125,0.103811882436275482177734375,-0.012318299151957035064697265625,-0.0072147022001445293426513671875,0.122590474784374237060546875,-0.00372146884910762310028076171875,-0.14272685348987579345703125,-0.012917204760015010833740234375,-0.01245708763599395751953125,0.24160920083522796630859375,0.1732771396636962890625,0.0659707486629486083984375,-0.00395269505679607391357421875,-0.01456836797297000885009765625,0.0552720688283443450927734375,-0.15217734873294830322265625,0.0549552775919437408447265625,0.13129825890064239501953125,0.11339940130710601806640625,0.0615518279373645782470703125,0.0257053785026073455810546875,-0.14860095083713531494140625,-0.0284179747104644775390625,0.000608605914749205112457275390625,-0.07999144494533538818359375,0.0496349222958087921142578125,0.0651601254940032958984375,-0.05848832428455352783203125,-0.02313260175287723541259765625,-0.046427793800830841064453125,0.29989421367645263671875,0.088125742971897125244140625,-0.080275706946849822998046875,-0.1825625598430633544921875,0.112613447010517120361328125,-0.086503438651561737060546875,-0.08669711649417877197265625,0.0610330104827880859375,-0.14262329041957855224609375,-0.1274361312389373779296875,-0.2887745797634124755859375,0.058940030634403228759765625,0.3908962309360504150390625,0.0597994588315486907958984375,-0.23963622748851776123046875,0.01206051371991634368896484375,-0.106171391904354095458984375,-0.0153318457305431365966796875,0.10532163083553314208984375,0.10580216348171234130859375,0.01407738961279392242431640625,0.069320641458034515380859375,-0.10192228853702545166015625,0.007343296892940998077392578125,0.194428384304046630859375,-0.067056246101856231689453125,-0.06323225796222686767578125,0.155743181705474853515625,-0.0260231904685497283935546875,0.0470763333141803741455078125,0.0183754451572895050048828125,-0.061704896390438079833984375,0.0070613720454275608062744140625,0.04568336904048919677734375,-0.103790633380413055419921875,-0.0270596630871295928955078125,0.009311222471296787261962890625,-0.0532916150987148284912109375,-0.05741359293460845947265625,0.062050998210906982421875,-0.12056423723697662353515625,0.0618228055536746978759765625,0.05750454962253570556640625,0.02704689465463161468505859375,-0.07776017487049102783203125,0.08424262702465057373046875,-0.2362193167209625244140625,-0.050585411489009857177734375,0.15848435461521148681640625,-0.2611770927906036376953125,0.2241335809230804443359375,0.17620895802974700927734375,0.013122403062880039215087890625,0.104111738502979278564453125,0.115582950413227081298828125,0.13511888682842254638671875,0.0045418436639010906219482421875,0.01636935211718082427978515625,-0.13082039356231689453125,-0.0448874272406101226806640625,0.114010192453861236572265625,0.02630436979234218597412109375,0.098323561251163482666015625,0.0580626241862773895263671875]'),
(9, 'NURELISA SHAFIYA BINTI MOHD ZAMRI', '2026-06-19 06:57:22', 1, '[-0.069052316248416900634765625,0.113696515560150146484375,0.00338686234317719936370849609375,-0.098426766693592071533203125,-0.06504769623279571533203125,-0.069153226912021636962890625,-0.0594551861286163330078125,-0.123027272522449493408203125,0.17762850224971771240234375,-0.146557986736297607421875,0.290441811084747314453125,-0.1116511821746826171875,-0.23164181411266326904296875,-0.128603458404541015625,-0.057941399514675140380859375,0.24766123294830322265625,-0.24830830097198486328125,-0.14881227910518646240234375,0.00323191867209970951080322265625,0.01675976626574993133544921875,0.0647415220737457275390625,-0.1146847903728485107421875,0.0682390034198760986328125,0.17155452072620391845703125,-0.062359459698200225830078125,-0.4094049036502838134765625,-0.108330376446247100830078125,-0.111527264118194580078125,-0.00297050713561475276947021484375,-0.0372816361486911773681640625,-0.0418369509279727935791015625,0.130231380462646484375,-0.20567671954631805419921875,-0.040618099272251129150390625,-0.013052611611783504486083984375,0.05641953647136688232421875,-0.001697046332992613315582275390625,-0.066393084824085235595703125,0.1936995685100555419921875,-0.011142197065055370330810546875,-0.22980095446109771728515625,-0.0572146959602832794189453125,0.04673714935779571533203125,0.24968795478343963623046875,0.1313223540782928466796875,0.032111592590808868408203125,0.0512329451739788055419921875,-0.103373624384403228759765625,0.087224669754505157470703125,-0.183617770671844482421875,0.0218517743051052093505859375,0.151021897792816162109375,0.067182838916778564453125,0.046022631227970123291015625,0.009207762777805328369140625,-0.13852898776531219482421875,0.033026568591594696044921875,0.12182806432247161865234375,-0.12945537269115447998046875,-0.009719303809106349945068359375,0.017453558743000030517578125,-0.09522010385990142822265625,-0.05418394505977630615234375,-0.138624012470245361328125,0.312723577022552490234375,0.15470786392688751220703125,-0.13585843145847320556640625,-0.1719971001148223876953125,0.1576893031597137451171875,-0.0898025929927825927734375,-0.061930395662784576416015625,0.075933434069156646728515625,-0.1687853634357452392578125,-0.16119949519634246826171875,-0.29546535015106201171875,-0.0107045881450176239013671875,0.325412809848785400390625,0.097322769463062286376953125,-0.1423277556896209716796875,0.07160608470439910888671875,-0.090368889272212982177734375,-0.02758393250405788421630859375,0.070395328104496002197265625,0.19797991216182708740234375,0.0025667627342045307159423828125,0.03004710935056209564208984375,-0.08200085163116455078125,0.006277314387261867523193359375,0.1434505283832550048828125,-0.1000019013881683349609375,-0.00204390683211386203765869140625,0.22629244625568389892578125,-0.08728004992008209228515625,0.084801293909549713134765625,-0.0400505103170871734619140625,-0.00385469221509993076324462890625,-0.096523948013782501220703125,0.09408695995807647705078125,-0.134358346462249755859375,-0.000859452062286436557769775390625,0.0283532552421092987060546875,0.02223422192037105560302734375,-0.0466730259358882904052734375,0.0502575598657131195068359375,-0.16114006936550140380859375,-0.00412251055240631103515625,0.0077728587202727794647216796875,0.030285976827144622802734375,0.04468424618244171142578125,0.02160613238811492919921875,-0.1079411804676055908203125,-0.13025724887847900390625,0.085300497710704803466796875,-0.26227390766143798828125,0.212196171283721923828125,0.1698639690876007080078125,0.064855568110942840576171875,0.113019846379756927490234375,0.12032495439052581787109375,0.0924649536609649658203125,0.0142737291753292083740234375,-0.119573973119258880615234375,-0.20299033820629119873046875,0.0385717861354351043701171875,0.17879496514797210693359375,-0.03075613267719745635986328125,0.008250293321907520294189453125,-0.0550928749144077301025390625]'),
(10, 'AFIQ DANIEL BIN MAJDI', '2026-06-19 06:57:22', 1, '[-0.106727518141269683837890625,0.0260749161243438720703125,0.086367003619670867919921875,-0.013662249781191349029541015625,-0.0506264977157115936279296875,-0.0357781313359737396240234375,-0.02933679521083831787109375,-0.1227836310863494873046875,0.095920108258724212646484375,-0.065061368048191070556640625,0.21551360189914703369140625,-0.15367864072322845458984375,-0.15492559969425201416015625,-0.09693588316440582275390625,-0.0447856523096561431884765625,0.171795785427093505859375,-0.177074015140533447265625,-0.116827122867107391357421875,-0.0485225878655910491943359375,-0.0073462058790028095245361328125,0.0546677745878696441650390625,-0.02227048762142658233642578125,-0.02786989323794841766357421875,0.02886391244828701019287109375,-0.094407401978969573974609375,-0.3064604699611663818359375,-0.0775711536407470703125,-0.15011513233184814453125,0.010957122780382633209228515625,-0.0567381493747234344482421875,-0.07237280905246734619140625,-0.015646614134311676025390625,-0.2396950423717498779296875,-0.1058270931243896484375,-0.0014152736403048038482666015625,0.041459195315837860107421875,0.0005675966967828571796417236328125,-0.01238708384335041046142578125,0.13494543731212615966796875,-0.056239552795886993408203125,-0.2041811048984527587890625,-0.03009745664894580841064453125,0.077785551548004150390625,0.20360220968723297119140625,0.1294735968112945556640625,0.1460495889186859130859375,-0.02284701727330684661865234375,-0.07837919890880584716796875,0.05178709328174591064453125,-0.20224566757678985595703125,0.096547305583953857421875,0.069081269204616546630859375,0.099000386893749237060546875,0.066341780126094818115234375,0.0012798719108104705810546875,-0.15296666324138641357421875,0.00907640159130096435546875,0.070278055965900421142578125,-0.1401245594024658203125,0.084143511950969696044921875,0.10769851505756378173828125,-0.01889253593981266021728515625,-0.052660025656223297119140625,-0.057807423174381256103515625,0.2703234851360321044921875,0.073007114231586456298828125,-0.10712935030460357666015625,-0.131428301334381103515625,0.11874364316463470458984375,-0.114882282912731170654296875,-0.0514784343540668487548828125,0.066566474735736846923828125,-0.085549764335155487060546875,-0.179087460041046142578125,-0.3284728527069091796875,0.02976270020008087158203125,0.426991522312164306640625,0.076446354389190673828125,-0.22501997649669647216796875,-0.02792834676802158355712890625,-0.0697657167911529541015625,0.01906685344874858856201171875,0.16863588988780975341796875,0.081387825310230255126953125,0.01518823020160198211669921875,0.0612638890743255615234375,-0.067577563226222991943359375,-0.01958368904888629913330078125,0.17429459095001220703125,-0.060138665139675140380859375,-0.0239524431526660919189453125,0.17076437175273895263671875,-0.0549501664936542510986328125,0.005799780599772930145263671875,-0.026095993816852569580078125,0.0407217256724834442138671875,-0.012034344486892223358154296875,0.0609217174351215362548828125,-0.10489581525325775146484375,-0.0112443864345550537109375,0.11408363282680511474609375,0.03773976862430572509765625,-0.0042026401497423648834228515625,0.11955298483371734619140625,-0.17002369463443756103515625,0.11023388803005218505859375,0.005404322408139705657958984375,0.0030784425325691699981689453125,0.0273169241845607757568359375,-0.0065517933107912540435791015625,-0.102660246193408966064453125,-0.0513560809195041656494140625,0.153426706790924072265625,-0.24368129670619964599609375,0.16335166990756988525390625,0.17810551822185516357421875,0.014614452607929706573486328125,0.1058190166950225830078125,0.0599433965981006622314453125,0.07679726183414459228515625,0.0096242763102054595947265625,-0.01279227994382381439208984375,-0.2608470618724822998046875,-0.0363610349595546722412109375,0.121076814830303192138671875,-0.0418394543230533599853515625,0.0775254666805267333984375,0.0381651334464550018310546875]'),
(11, 'AMI AFINA IZZATY BINTI AMIZAD', '2026-06-19 06:57:22', 1, '[-0.083064980804920196533203125,0.05231936275959014892578125,0.08792065083980560302734375,-0.0846269428730010986328125,-0.147361338138580322265625,-0.016150772571563720703125,-0.06983570754528045654296875,-0.10121192038059234619140625,0.18564690649509429931640625,-0.189761459827423095703125,0.2717218697071075439453125,-0.028675697743892669677734375,-0.1877661049365997314453125,-0.073545418679714202880859375,-0.0510951690375804901123046875,0.2096157073974609375,-0.16262574493885040283203125,-0.18450801074504852294921875,0.05338074266910552978515625,0.00245269131846725940704345703125,0.10967759788036346435546875,-0.036769382655620574951171875,0.0526293627917766571044921875,0.0544197857379913330078125,-0.1760218441486358642578125,-0.3706785738468170166015625,-0.11202098429203033447265625,-0.06882603466510772705078125,-0.0278607495129108428955078125,-0.055924542248249053955078125,-0.025381006300449371337890625,0.0266124904155731201171875,-0.24844036996364593505859375,0.0232144631445407867431640625,-0.02759528346359729766845703125,0.1314902603626251220703125,-0.0153806991875171661376953125,-0.067159987986087799072265625,0.098786391317844390869140625,-0.00389574212022125720977783203125,-0.3150322735309600830078125,-0.05284513533115386962890625,0.0474908351898193359375,0.182004451751708984375,0.106088303029537200927734375,0.032853938639163970947265625,0.0609728358685970306396484375,-0.102283574640750885009765625,0.01770085282623767852783203125,-0.20480121672153472900390625,0.095267944037914276123046875,0.0576646141707897186279296875,0.08180870115756988525390625,0.006624336354434490203857421875,0.012135480530560016632080078125,-0.1749213635921478271484375,-0.0074272151105105876922607421875,0.04999701678752899169921875,-0.1027356088161468505859375,0.01857264898717403411865234375,0.060758091509342193603515625,-0.050558485090732574462890625,-0.0500552766025066375732421875,-0.12928272783756256103515625,0.2680854499340057373046875,0.14925579726696014404296875,-0.12762771546840667724609375,-0.19003154337406158447265625,0.150769710540771484375,-0.1815660893917083740234375,-0.1061572730541229248046875,0.110482551157474517822265625,-0.103087209165096282958984375,-0.1876937448978424072265625,-0.3532983362674713134765625,-0.0482178367674350738525390625,0.40065228939056396484375,0.10279159247875213623046875,-0.197556078433990478515625,0.03546619415283203125,-0.0290638916194438934326171875,0.05053471028804779052734375,0.069419242441654205322265625,0.20163513720035552978515625,0.027673661708831787109375,0.17567028105258941650390625,-0.12758822739124298095703125,-0.00263892835937440395355224609375,0.2353186309337615966796875,-0.111242733895778656005859375,-0.0568848215043544769287109375,0.21301342546939849853515625,-0.0350946001708507537841796875,0.101820625364780426025390625,0.0207694955170154571533203125,0.043830566108226776123046875,-0.045507661998271942138671875,0.02506854943931102752685546875,-0.14470367133617401123046875,-0.02174894697964191436767578125,-0.01918268762528896331787109375,-0.001079305657185614109039306640625,-0.097387216985225677490234375,0.07669626176357269287109375,-0.16591967642307281494140625,0.13182549178600311279296875,-0.0070140757597982883453369140625,-0.0396640188992023468017578125,-0.03304885327816009521484375,0.04601044952869415283203125,-0.122577033936977386474609375,-0.090880431234836578369140625,0.11371676623821258544921875,-0.2574858367443084716796875,0.170046150684356689453125,0.2056429684162139892578125,0.0641270577907562255859375,0.1835067272186279296875,0.14503218233585357666015625,0.097635455429553985595703125,-0.0066337771713733673095703125,-0.0776729583740234375,-0.19495467841625213623046875,-0.0235798060894012451171875,0.04266248643398284912109375,-0.1243855655193328857421875,0.083524607121944427490234375,0.0278067998588085174560546875]'),
(12, 'DANIEL ISKANDAR BIN ROZAIMAN', '2026-06-19 06:57:22', 1, '[-0.152913749217987060546875,0.101498968899250030517578125,0.072216592729091644287109375,-0.01649290509521961212158203125,-0.00994593463838100433349609375,-0.086966000497341156005859375,-0.069527380168437957763671875,-0.13259375095367431640625,0.1337300240993499755859375,-0.06646047532558441162109375,0.2627473175525665283203125,-0.0334630906581878662109375,-0.202304363250732421875,-0.19148395955562591552734375,0.000782819814048707485198974609375,0.1548484861850738525390625,-0.1543911397457122802734375,-0.20863063633441925048828125,-0.0088463239371776580810546875,0.01250102557241916656494140625,0.033537708222866058349609375,-0.068542383611202239990234375,0.046975128352642059326171875,0.070691771805286407470703125,-0.100092686712741851806640625,-0.31028687953948974609375,-0.0629554688930511474609375,-0.0850967466831207275390625,0.014479674398899078369140625,-0.11157028377056121826171875,-0.11095924675464630126953125,0.04739940166473388671875,-0.20462878048419952392578125,-0.0470691062510013580322265625,-0.0302828513085842132568359375,0.13886691629886627197265625,-0.0063565368764102458953857421875,-0.063915081322193145751953125,0.23575262725353240966796875,-0.0243989489972591400146484375,-0.20161132514476776123046875,-0.0469839163124561309814453125,-0.013996188528835773468017578125,0.2864546477794647216796875,0.14144204556941986083984375,-0.01549549959599971771240234375,0.0373146273195743560791015625,-0.063738338649272918701171875,0.096792079508304595947265625,-0.17465531826019287109375,0.0962162911891937255859375,0.127400934696197509765625,0.14669597148895263671875,0.0176763348281383514404296875,0.0388333983719348907470703125,-0.16460756957530975341796875,-0.0068958182819187641143798828125,0.100020073354244232177734375,-0.085536204278469085693359375,0.0339302010834217071533203125,0.0383318960666656494140625,-0.099001176655292510986328125,-0.0360950268805027008056640625,-0.107168830931186676025390625,0.30872666835784912109375,0.07126541435718536376953125,-0.121729485690593719482421875,-0.137823760509490966796875,0.113700807094573974609375,-0.041440136730670928955078125,-0.094942875206470489501953125,0.093527399003505706787109375,-0.09964291751384735107421875,-0.1684360802173614501953125,-0.3298924267292022705078125,0.09642930328845977783203125,0.3492756783962249755859375,0.07236517965793609619140625,-0.2845803201198577880859375,0.07805754244327545166015625,-0.07844083011150360107421875,-0.05852748453617095947265625,0.075929649174213409423828125,0.1410395801067352294921875,-0.076511703431606292724609375,0.1450586616992950439453125,-0.20162677764892578125,-0.0556010417640209197998046875,0.21039474010467529296875,-0.01412652991712093353271484375,-0.044512636959552764892578125,0.1625982820987701416015625,-0.004588402807712554931640625,0.077379502356052398681640625,0.053633682429790496826171875,-0.013137109577655792236328125,-0.0414094440639019012451171875,0.02741490304470062255859375,-0.16542415320873260498046875,-0.0453819371759891510009765625,0.090559788048267364501953125,-0.050958402454853057861328125,-0.072642005980014801025390625,0.09501302242279052734375,-0.13256482779979705810546875,0.0583337955176830291748046875,0.051640190184116363525390625,0.0068598347716033458709716796875,-0.00894075818359851837158203125,0.005534647963941097259521484375,-0.12993331253528594970703125,-0.11736221611499786376953125,0.076894663274288177490234375,-0.2892937362194061279296875,0.14674772322177886962890625,0.13282118737697601318359375,0.1189215183258056640625,0.15045590698719024658203125,0.14256940782070159912109375,0.092742197215557098388671875,-0.000892403535544872283935546875,0.0053445440717041492462158203125,-0.13098914921283721923828125,-0.012572948820888996124267578125,0.16573800146579742431640625,0.0321616791188716888427734375,0.110855124890804290771484375,0.073504030704498291015625]'),
(13, 'EMIR HARITH BIN AMIR NAZER', '2026-06-19 06:57:22', 1, '[-0.11612178385257720947265625,0.01436935365200042724609375,0.00037167579284869134426116943359375,-0.10502304136753082275390625,-0.0448870100080966949462890625,0.0056657157838344573974609375,-0.0521325804293155670166015625,-0.100175283849239349365234375,0.15204460918903350830078125,-0.11686860024929046630859375,0.21585555374622344970703125,-0.047464430332183837890625,-0.11970640718936920166015625,-0.1233928501605987548828125,-0.0107825063169002532958984375,0.141958534717559814453125,-0.13479864597320556640625,-0.1788548529148101806640625,-0.0468604564666748046875,-0.0404036305844783782958984375,0.0108503513038158416748046875,-0.0366573669016361236572265625,-0.0267507843673229217529296875,0.115095615386962890625,-0.15301479399204254150390625,-0.363734185695648193359375,-0.08332048356533050537109375,-0.1188540160655975341796875,0.0538923703134059906005859375,-0.047398157417774200439453125,-0.037115745246410369873046875,0.01285611651837825775146484375,-0.2495474517345428466796875,0.00952293910086154937744140625,-0.00456391461193561553955078125,0.1025392115116119384765625,0.0366161279380321502685546875,0.015375368297100067138671875,0.16495664417743682861328125,-0.009346005506813526153564453125,-0.2258616387844085693359375,0.037975013256072998046875,0.014560432173311710357666015625,0.2370146811008453369140625,0.15983472764492034912109375,0.0498948134481906890869140625,0.0212478898465633392333984375,-0.108052305877208709716796875,0.098891310393810272216796875,-0.1538656651973724365234375,0.061652861535549163818359375,0.13197004795074462890625,0.070927761495113372802734375,0.0460958443582057952880859375,-0.05525399744510650634765625,-0.120765469968318939208984375,0.0412968732416629791259765625,0.1226475536823272705078125,-0.1504615247249603271484375,0.063124887645244598388671875,0.01692557893693447113037109375,-0.058632709085941314697265625,-0.0426341593265533447265625,-0.02606914006173610687255859375,0.2930404245853424072265625,0.063681684434413909912109375,-0.14869637787342071533203125,-0.17863233387470245361328125,0.138943612575531005859375,-0.1569202244281768798828125,-0.0439693294465541839599609375,0.04717318713665008544921875,-0.122897170484066009521484375,-0.18438689410686492919921875,-0.35023915767669677734375,0.096023283898830413818359375,0.420498073101043701171875,0.137667477130889892578125,-0.2644135057926177978515625,0.0892989933490753173828125,-0.118685491383075714111328125,0.0130861364305019378662109375,0.14187605679035186767578125,0.120553769171237945556640625,-0.0558155961334705352783203125,0.0278493575751781463623046875,-0.094980932772159576416015625,-0.00889690406620502471923828125,0.2570230960845947265625,0.01670821197330951690673828125,-0.003053545020520687103271484375,0.1906751692295074462890625,-0.006276988424360752105712890625,0.105286173522472381591796875,-0.006043075583875179290771484375,0.047304354608058929443359375,-0.085288919508457183837890625,0.010491586290299892425537109375,-0.121897555887699127197265625,-0.01737391762435436248779296875,0.014407820999622344970703125,0.04426670074462890625,0.0045244283974170684814453125,0.14543969929218292236328125,-0.220795214176177978515625,0.22224111855030059814453125,0.02893005125224590301513671875,-0.0230864994227886199951171875,0.0220684148371219635009765625,0.099602408707141876220703125,-0.064660869538784027099609375,-0.117029540240764617919921875,0.11662600934505462646484375,-0.23825399577617645263671875,0.19405512511730194091796875,0.20487417280673980712890625,0.1738264858722686767578125,0.1622259616851806640625,0.15310837328433990478515625,0.05127669870853424072265625,-0.0070389290340244770050048828125,0.01040320284664630889892578125,-0.22289745509624481201171875,0.02051385305821895599365234375,0.103082954883575439453125,-0.09452481567859649658203125,0.093033932149410247802734375,0.0420166514813899993896484375]'),
(14, 'FARID RIZWA BIN FARIZAL', '2026-06-19 06:57:22', 1, '[-0.127831399440765380859375,0.03666950762271881103515625,0.070914395153522491455078125,-0.14154613018035888671875,-0.076806582510471343994140625,-0.02266993559896945953369140625,-0.09838812053203582763671875,-0.104542754590511322021484375,0.176902472972869873046875,-0.21945095062255859375,0.22114379703998565673828125,0.0074525461532175540924072265625,-0.22497318685054779052734375,-0.123001269996166229248046875,0.035358250141143798828125,0.13114725053310394287109375,-0.123936116695404052734375,-0.19173680245876312255859375,0.0076701589860022068023681640625,-0.0770747363567352294921875,0.00218187435530126094818115234375,-0.066850244998931884765625,0.015345760621130466461181640625,0.0035675498656928539276123046875,-0.15611112117767333984375,-0.3139415085315704345703125,-0.096278332173824310302734375,-0.064948879182338714599609375,-0.03240002691745758056640625,-0.0863741934299468994140625,-0.0608119927346706390380859375,0.01860369555652141571044921875,-0.1758963167667388916015625,0.02418023906648159027099609375,-0.02575066871941089630126953125,0.1753057539463043212890625,-0.00201774225570261478424072265625,-0.008022415451705455780029296875,0.1683456897735595703125,0.02105097658932209014892578125,-0.19284181296825408935546875,-0.116085313260555267333984375,0.00152414105832576751708984375,0.19963769614696502685546875,0.203966617584228515625,0.0596922971308231353759765625,0.02636139653623104095458984375,-0.07361797988414764404296875,0.12794356048107147216796875,-0.17412085831165313720703125,0.14243830740451812744140625,0.10573591291904449462890625,0.1732628345489501953125,0.0411019586026668548583984375,0.0515911094844341278076171875,-0.15754939615726470947265625,0.00320443999953567981719970703125,0.113161742687225341796875,-0.105928622186183929443359375,0.02856828086078166961669921875,0.03322102129459381103515625,-0.074767731130123138427734375,-0.069932185113430023193359375,-0.0382376052439212799072265625,0.3613565862178802490234375,0.13786534965038299560546875,-0.173070847988128662109375,-0.13525958359241485595703125,0.21347753703594207763671875,-0.104517154395580291748046875,-0.1317860186100006103515625,0.02898813225328922271728515625,-0.14819364249706268310546875,-0.15153442323207855224609375,-0.2993685901165008544921875,0.06457360088825225830078125,0.338853895664215087890625,0.112622492015361785888671875,-0.220278322696685791015625,0.030128955841064453125,-0.06430567800998687744140625,-0.032719723880290985107421875,0.0618973113596439361572265625,0.173637211322784423828125,-0.0839839279651641845703125,0.07331450283527374267578125,-0.0505107901990413665771484375,-0.0364147834479808807373046875,0.21784512698650360107421875,-0.0353054702281951904296875,-0.067299731075763702392578125,0.1625049412250518798828125,-0.036303818225860595703125,0.1320053040981292724609375,0.009349939413368701934814453125,-0.010607996024191379547119140625,-0.0491384752094745635986328125,0.02409232221543788909912109375,-0.1280291974544525146484375,-0.073385961353778839111328125,0.0733920633792877197265625,-0.0626089572906494140625,-0.02147152461111545562744140625,0.14514553546905517578125,-0.1833559572696685791015625,0.1435682773590087890625,-0.00177719281055033206939697265625,0.007151928730309009552001953125,0.011910683475434780120849609375,0.0539290942251682281494140625,-0.098689980804920196533203125,-0.1294047832489013671875,0.109214492142200469970703125,-0.27212631702423095703125,0.17538988590240478515625,0.205684244632720947265625,0.08354733884334564208984375,0.16281710565090179443359375,0.15517987310886383056640625,0.103445135056972503662109375,0.09254558384418487548828125,0.00107240048237144947052001953125,-0.1575125157833099365234375,-0.0194661617279052734375,0.063363365828990936279296875,-0.02341038547456264495849609375,0.095958702266216278076171875,0.089218847453594207763671875]'),
(15, 'MUHAMAD ALLYSENDER BIN FAIZAL RIHAN', '2026-06-19 06:57:22', 1, '[-0.16198112070560455322265625,0.1390616595745086669921875,0.13302837312221527099609375,-0.0477421469986438751220703125,-0.084023393690586090087890625,-0.0514292679727077484130859375,-0.01295883022248744964599609375,-0.097780950367450714111328125,0.16064102947711944580078125,-0.082685053348541259765625,0.2516191899776458740234375,-0.086578808724880218505859375,-0.2527690231800079345703125,-0.131501019001007080078125,0.02842452190816402435302734375,0.17123056948184967041015625,-0.1000530421733856201171875,-0.14888350665569305419921875,-0.01570611260831356048583984375,-0.028943054378032684326171875,0.0607834421098232269287109375,-0.011295684613287448883056640625,0.0686122477054595947265625,0.083837531507015228271484375,-0.098502792418003082275390625,-0.3889625072479248046875,-0.0566533692181110382080078125,-0.094570837914943695068359375,-0.015180458314716815948486328125,-0.0438029207289218902587890625,-0.0954134166240692138671875,0.044899523258209228515625,-0.24915950000286102294921875,-0.1187346279621124267578125,-0.0367460362613201141357421875,0.14845676720142364501953125,-0.07556428015232086181640625,-0.047965727746486663818359375,0.193729460239410400390625,-0.04476042091846466064453125,-0.194753706455230712890625,-0.0639983713626861572265625,0.023470543324947357177734375,0.2662757337093353271484375,0.12439726293087005615234375,0.04734532535076141357421875,0.0600087344646453857421875,-0.081245042383670806884765625,0.0187783353030681610107421875,-0.1485067307949066162109375,0.081830792129039764404296875,0.14208225905895233154296875,0.123300306499004364013671875,0.042375497519969940185546875,0.01682227663695812225341796875,-0.15350772440433502197265625,0.0389269106090068817138671875,0.063757650554180145263671875,-0.11220984160900115966796875,0.01758556254208087921142578125,0.083559148013591766357421875,-0.0657488405704498291015625,0.005897366441786289215087890625,-0.0506393350660800933837890625,0.3909896314144134521484375,0.0727456510066986083984375,-0.08579526841640472412109375,-0.112240783870220184326171875,0.1257371604442596435546875,-0.069605715572834014892578125,-0.07062266767024993896484375,0.071407794952392578125,-0.1722101271152496337890625,-0.15813839435577392578125,-0.3031423091888427734375,0.070576488971710205078125,0.3724449574947357177734375,0.076867081224918365478515625,-0.24118821322917938232421875,0.0396651439368724822998046875,-0.13296107947826385498046875,0.0007416499429382383823394775390625,0.1395053863525390625,0.1462015807628631591796875,-0.0328171961009502410888671875,0.093123950064182281494140625,-0.14937822520732879638671875,0.02158369123935699462890625,0.214025557041168212890625,-0.083572663366794586181640625,-0.063559912145137786865234375,0.205042541027069091796875,0.0461206175386905670166015625,0.071925841271877288818359375,0.0397660844027996063232421875,-0.060345567762851715087890625,-0.0497192703187465667724609375,0.0507885776460170745849609375,-0.1809294223785400390625,-0.02735720761120319366455078125,0.075262971222400665283203125,-0.003925203345715999603271484375,-0.0295131318271160125732421875,0.107958376407623291015625,-0.17678342759609222412109375,0.05198298394680023193359375,0.052509285509586334228515625,0.0039062122814357280731201171875,0.0036210347898304462432861328125,0.0072149219922721385955810546875,-0.16878335177898406982421875,-0.15211640298366546630859375,0.11608970165252685546875,-0.223216831684112548828125,0.18567876517772674560546875,0.15410082042217254638671875,0.0467589199542999267578125,0.1431351006031036376953125,0.1532117426395416259765625,0.09458662569522857666015625,0.041078828275203704833984375,-0.01853160746395587921142578125,-0.14826546609401702880859375,0.03801824152469635009765625,0.20441193878650665283203125,-0.0001082442831830121576786041259765625,0.148204028606414794921875,0.064907990396022796630859375]'),
(16, 'MUHAMAD MUIZZUDDIN BIN MOHD SUHAIMI', '2026-06-19 06:57:22', 1, '[-0.164570391178131103515625,0.078147433698177337646484375,0.02645512484014034271240234375,-0.0489963851869106292724609375,-0.0457132197916507720947265625,0.0308556593954563140869140625,-0.081580422818660736083984375,-0.098288051784038543701171875,0.17365677654743194580078125,-0.12455083429813385009765625,0.2413273155689239501953125,-0.00677109323441982269287109375,-0.1928854286670684814453125,-0.099075026810169219970703125,0.021514721214771270751953125,0.121272630989551544189453125,-0.169351100921630859375,-0.17212344706058502197265625,0.0070631899870932102203369140625,-0.0862691104412078857421875,0.015153937973082065582275390625,0.0077997320331633090972900390625,0.0487897694110870361328125,0.09853996336460113525390625,-0.153076112270355224609375,-0.3970584571361541748046875,-0.07132287323474884033203125,-0.1429546177387237548828125,-0.0386472903192043304443359375,-0.054652713239192962646484375,0.004979471676051616668701171875,0.017441280186176300048828125,-0.227398574352264404296875,0.0244222618639469146728515625,-0.023007340729236602783203125,0.0406893528997898101806640625,0.0352644808590412139892578125,0.041842065751552581787109375,0.2183544933795928955078125,0.0506329834461212158203125,-0.15808014571666717529296875,0.003396564163267612457275390625,0.013135798275470733642578125,0.278228759765625,0.17299602925777435302734375,0.046853311359882354736328125,0.011457192711532115936279296875,-0.079164721071720123291015625,0.12092174589633941650390625,-0.13221110403537750244140625,0.065733067691326141357421875,0.138914048671722412109375,0.12849231064319610595703125,-0.00210635061375796794891357421875,-0.0288359224796295166015625,-0.1386458873748779296875,-0.074858658015727996826171875,0.07965908944606781005859375,-0.115491665899753570556640625,0.09723199903964996337890625,-0.029848925769329071044921875,-0.06719078123569488525390625,-0.06786330044269561767578125,-0.055453412234783172607421875,0.34782588481903076171875,0.12330754101276397705078125,-0.15781737864017486572265625,-0.18835501372814178466796875,0.126475512981414794921875,-0.08907546103000640869140625,-0.106009900569915771484375,0.06699438393115997314453125,-0.19138006865978240966796875,-0.1703753173351287841796875,-0.3032313287258148193359375,0.099116541445255279541015625,0.3850351870059967041015625,-0.01023459620773792266845703125,-0.23033301532268524169921875,0.0526433251798152923583984375,-0.0812969505786895751953125,-0.0406914167106151580810546875,0.0412276424467563629150390625,0.20330859720706939697265625,-0.0596646182239055633544921875,-0.00314848800189793109893798828125,-0.02281831763684749603271484375,0.0162827111780643463134765625,0.24093149602413177490234375,-0.006836357526481151580810546875,-0.10363893210887908935546875,0.1959616243839263916015625,-0.066533453762531280517578125,0.13661365211009979248046875,0.0040087806992232799530029296875,0.011802847497165203094482421875,-0.07101197540760040283203125,0.0255473740398883819580078125,-0.13852797448635101318359375,-0.0361456573009490966796875,-0.01991220004856586456298828125,0.03010343201458454132080078125,-0.01191179640591144561767578125,0.089545786380767822265625,-0.1847101747989654541015625,0.119886405766010284423828125,0.0207908563315868377685546875,-0.015406198799610137939453125,0.0079427845776081085205078125,0.092927120625972747802734375,-0.1381199657917022705078125,-0.101718246936798095703125,0.121130652725696563720703125,-0.271995723247528076171875,0.24846208095550537109375,0.15288721024990081787109375,0.13332597911357879638671875,0.1738766729831695556640625,0.11764658987522125244140625,0.0473547317087650299072265625,0.0418892316520214080810546875,0.08677065372467041015625,-0.178030073642730712890625,0.023769281804561614990234375,0.13232998549938201904296875,-0.0447232685983180999755859375,0.087851442396640777587890625,0.01855612732470035552978515625]'),
(17, 'MUHAMMAD IZZAT IKHMAL BIN MOHD IZAMIR', '2026-06-19 06:57:22', 1, '[-0.0418718159198760986328125,0.0444346703588962554931640625,0.07288502156734466552734375,-0.07306323945522308349609375,-0.0389200933277606964111328125,-0.02002080716192722320556640625,-0.005418331362307071685791015625,-0.1360611021518707275390625,0.13058269023895263671875,-0.13984163105487823486328125,0.2150944173336029052734375,-0.078482665121555328369140625,-0.2185372412204742431640625,-0.16034616529941558837890625,-0.01469423063099384307861328125,0.18315671384334564208984375,-0.15012733638286590576171875,-0.19636507332324981689453125,-0.057113505899906158447265625,-0.01704832725226879119873046875,0.00266515673138201236724853515625,-0.031259395182132720947265625,-0.0305837653577327728271484375,0.065437696874141693115234375,-0.091181494295597076416015625,-0.3480083644390106201171875,-0.073774814605712890625,-0.0474453456699848175048828125,-0.014854148961603641510009765625,-0.04138670861721038818359375,-0.034318007528781890869140625,0.065278984606266021728515625,-0.24392108619213104248046875,0.00234552123583853244781494140625,-0.0313939414918422698974609375,0.062699742615222930908203125,-0.0260898433625698089599609375,-0.096008099615573883056640625,0.16697667539119720458984375,0.010155032388865947723388671875,-0.1960715949535369873046875,-0.02460305951535701751708984375,-0.0176088176667690277099609375,0.22578082978725433349609375,0.1349489688873291015625,0.00643930025398731231689453125,0.05635358393192291259765625,-0.07064791023731231689453125,0.067121915519237518310546875,-0.169079363346099853515625,-0.00334194325841963291168212890625,0.15348728001117706298828125,0.073205702006816864013671875,0.05547678470611572265625,-0.0532490126788616180419921875,-0.172157943248748779296875,0.011084587313234806060791015625,0.0493411906063556671142578125,-0.089457012712955474853515625,0.03198046982288360595703125,0.0253707468509674072265625,-0.105187363922595977783203125,-0.0635738670825958251953125,-0.07393302023410797119140625,0.2635343372821807861328125,0.0464859902858734130859375,-0.1340632140636444091796875,-0.176334857940673828125,0.1371823251247406005859375,-0.131209313869476318359375,-0.0497966147959232330322265625,0.034879066050052642822265625,-0.1681294739246368408203125,-0.16732694208621978759765625,-0.3128499090671539306640625,0.07523091137409210205078125,0.377542912960052490234375,0.11877514421939849853515625,-0.2116903960704803466796875,0.043519593775272369384765625,-0.0862075388431549072265625,0.06220410764217376708984375,0.1248683929443359375,0.18328188359737396240234375,-0.01221244223415851593017578125,0.079508006572723388671875,-0.095413886010646820068359375,0.037016458809375762939453125,0.18708999454975128173828125,-0.054972641170024871826171875,-0.077003307640552520751953125,0.21145148575305938720703125,-0.0401956848800182342529296875,0.08815491199493408203125,-0.0330675952136516571044921875,-0.04830716550350189208984375,0.01469500921666622161865234375,0.091147460043430328369140625,-0.0584782026708126068115234375,0.0548608936369419097900390625,0.10613752901554107666015625,0.015051147900521755218505859375,0.032314337790012359619140625,0.13312375545501708984375,-0.09909830987453460693359375,0.1136552393436431884765625,0.0109663717448711395263671875,0.065854422748088836669921875,0.065943427383899688720703125,0.05528199672698974609375,-0.1310207545757293701171875,-0.13113103806972503662109375,0.0971691608428955078125,-0.24435627460479736328125,0.17763769626617431640625,0.1990390121936798095703125,0.06317053735256195068359375,0.104870609939098358154296875,0.1261922419071197509765625,0.121420539915561676025390625,0.0160676054656505584716796875,-0.0098443664610385894775390625,-0.20007561147212982177734375,0.00813309289515018463134765625,0.111624367535114288330078125,0.004418552853167057037353515625,0.081545419991016387939453125,0.0192326009273529052734375]'),
(18, 'NAZRAN AZRIL BIN MOHD HAMIZI', '2026-06-19 06:57:22', 1, '[-0.1483286917209625244140625,0.0386994667351245880126953125,-0.011782579123973846435546875,-0.065627396106719970703125,-0.096131600439548492431640625,-0.0415940396487712860107421875,-0.0459897220134735107421875,-0.114350490272045135498046875,0.1615019142627716064453125,-0.113093741238117218017578125,0.22094468772411346435546875,-0.0192371122539043426513671875,-0.18676714599132537841796875,-0.096597842872142791748046875,-0.06445555388927459716796875,0.1260903775691986083984375,-0.193894326686859130859375,-0.17980368435382843017578125,-0.030602164566516876220703125,-0.04184834659099578857421875,0.0751315057277679443359375,-0.0374733246862888336181640625,0.007952385582029819488525390625,0.0537134744226932525634765625,-0.2356126010417938232421875,-0.31558072566986083984375,-0.077828995883464813232421875,-0.07005679607391357421875,0.004979082383215427398681640625,-0.0369974412024021148681640625,-0.024227701127529144287109375,0.0328240431845188140869140625,-0.2669592797756195068359375,0.0017396141774952411651611328125,-0.051522605121135711669921875,0.042565412819385528564453125,0.0344398654997348785400390625,-0.04028008878231048583984375,0.202674567699432373046875,-0.011872035451233386993408203125,-0.22980581223964691162109375,-0.0430497229099273681640625,0.047987483441829681396484375,0.2844617664813995361328125,0.19618330895900726318359375,0.0050297598354518413543701171875,0.00933392904698848724365234375,-0.093476347625255584716796875,0.07816331088542938232421875,-0.1304342746734619140625,0.0539065785706043243408203125,0.16964004933834075927734375,0.02668128721415996551513671875,0.055377490818500518798828125,-0.08318032324314117431640625,-0.09893321990966796875,0.0123486556112766265869140625,0.1554500162601470947265625,-0.118761725723743438720703125,0.00535211525857448577880859375,0.070425294339656829833984375,-0.0661418139934539794921875,-0.030268408358097076416015625,-0.080727823078632354736328125,0.3068756163120269775390625,0.0591080188751220703125,-0.13399817049503326416015625,-0.1586212813854217529296875,0.1538749039173126220703125,-0.13923846185207366943359375,-0.06792007386684417724609375,-0.00042196895810775458812713623046875,-0.17287610471248626708984375,-0.19724775850772857666015625,-0.3526081144809722900390625,0.074082195758819580078125,0.364229738712310791015625,0.11685375869274139404296875,-0.1656064689159393310546875,0.09671889245510101318359375,-0.095238387584686279296875,-0.0007467794348485767841339111328125,0.1624313294887542724609375,0.14164613187313079833984375,-0.02287928760051727294921875,0.0441509522497653961181640625,-0.097224883735179901123046875,0.0594625733792781829833984375,0.272193253040313720703125,-0.0223019905388355255126953125,-0.02816474437713623046875,0.20630685985088348388671875,0.0157208777964115142822265625,-0.0111372061073780059814453125,0.015383650548756122589111328125,0.03666122257709503173828125,-0.084605909883975982666015625,0.076868362724781036376953125,-0.121144585311412811279296875,0.06240297853946685791015625,0.0523865260183811187744140625,0.0149851739406585693359375,0.0367716252803802490234375,0.1628182828426361083984375,-0.116053752601146697998046875,0.110340140759944915771484375,0.0559884607791900634765625,0.0204773508012294769287109375,0.0244962535798549652099609375,0.0052968286909162998199462890625,-0.1079753935337066650390625,-0.18553698062896728515625,0.067439489066600799560546875,-0.20442257821559906005859375,0.1923359930515289306640625,0.13637630641460418701171875,0.13593532145023345947265625,0.16799427568912506103515625,0.1293770372867584228515625,0.102793104946613311767578125,-0.0066547323949635028839111328125,0.0556165911257266998291015625,-0.1933661401271820068359375,0.0530235059559345245361328125,0.1222580373287200927734375,-0.0400927774608135223388671875,0.1448225080966949462890625,0.05620844662189483642578125]');
INSERT INTO `students` (`id`, `full_name`, `created_at`, `batch_id`, `face_descriptor`) VALUES
(19, 'NUR HANIE AMIRA BINTI MOHD HANIF', '2026-06-19 06:57:22', 1, '[-0.16815413534641265869140625,0.001676539541222155094146728515625,0.053344748914241790771484375,-0.14021886885166168212890625,-0.1438109576702117919921875,-0.0185119919478893280029296875,-0.03056948445737361907958984375,-0.068450860679149627685546875,0.16006897389888763427734375,-0.16848696768283843994140625,0.223924934864044189453125,-0.0446665994822978973388671875,-0.136774718761444091796875,-0.0501721389591693878173828125,0.0209834165871143341064453125,0.16625972092151641845703125,-0.1068310439586639404296875,-0.14792247116565704345703125,-0.060073100030422210693359375,-0.0344064347445964813232421875,-0.0165223293006420135498046875,-0.0564553104341030120849609375,0.076592840254306793212890625,0.0860606729984283447265625,-0.14589716494083404541015625,-0.4205851852893829345703125,-0.1144254207611083984375,-0.0588757134974002838134765625,-0.059840522706508636474609375,-0.05523963272571563720703125,-0.0738756358623504638671875,0.0481530912220478057861328125,-0.19695581495761871337890625,-0.037540577352046966552734375,0.01659502089023590087890625,0.164218604564666748046875,-0.033382691442966461181640625,-0.0558511503040790557861328125,0.16360326111316680908203125,0.0049428720958530902862548828125,-0.2435422837734222412109375,-0.00237162434495985507965087890625,0.078696884214878082275390625,0.28051769733428955078125,0.1880228221416473388671875,0.0602835379540920257568359375,0.03100658766925334930419921875,-0.07397152483463287353515625,0.14445038139820098876953125,-0.22088913619518280029296875,0.1465990543365478515625,0.076174251735210418701171875,0.06547154486179351806640625,0.02382113039493560791015625,0.063989795744419097900390625,-0.087475381791591644287109375,0.0384779013693332672119140625,0.178697884082794189453125,-0.14195801317691802978515625,0.0074876104481518268585205078125,0.0349044464528560638427734375,-0.01989927329123020172119140625,-0.0044562048278748989105224609375,-0.14899571239948272705078125,0.30065250396728515625,0.186116874217987060546875,-0.14235948026180267333984375,-0.0966151058673858642578125,0.15560896694660186767578125,-0.08655560016632080078125,-0.0279609672725200653076171875,0.006619836203753948211669921875,-0.1808077394962310791015625,-0.21373738348484039306640625,-0.2944150865077972412109375,0.0332908593118190765380859375,0.3915528953075408935546875,0.16852863132953643798828125,-0.13059341907501220703125,0.02226867713034152984619140625,-0.11683993041515350341796875,-0.00362929445691406726837158203125,0.0416146554052829742431640625,0.1303655207157135009765625,-0.03497417271137237548828125,0.0457293875515460968017578125,-0.034788839519023895263671875,0.0458503328263759613037109375,0.2249248027801513671875,-0.0215591154992580413818359375,-0.01281215250492095947265625,0.22532434761524200439453125,-0.008737332187592983245849609375,0.0398156009614467620849609375,-0.009753190912306308746337890625,0.036950372159481048583984375,-0.109232269227504730224609375,0.0423552729189395904541015625,-0.1690042316913604736328125,0.00339843914844095706939697265625,-0.03885354101657867431640625,-0.06471346318721771240234375,0.0169584937393665313720703125,0.103435046970844268798828125,-0.3080178201198577880859375,0.15341456234455108642578125,0.006562002934515476226806640625,0.01163665764033794403076171875,0.0159946940839290618896484375,0.046956039965152740478515625,-0.059887759387493133544921875,-0.08567140996456146240234375,0.068892501294612884521484375,-0.2951545417308807373046875,0.1312915384769439697265625,0.2240854799747467041015625,0.096376307308673858642578125,0.21283681690692901611328125,0.09385383129119873046875,0.043564043939113616943359375,0.0423756949603557586669921875,-0.02899958379566669464111328125,-0.18416164815425872802734375,0.0372894965112209320068359375,0.080360896885395050048828125,-0.00789333321154117584228515625,0.0658250153064727783203125,0.12394495308399200439453125]'),
(20, 'AMIRUL IMAN BIN ARIFF SHAFRIZAN', '2026-06-19 06:57:22', 1, '[-0.100454457104206085205078125,0.112527810037136077880859375,0.03860394656658172607421875,-0.017978183925151824951171875,-0.0182153023779392242431640625,0.00977903045713901519775390625,-0.050418712198734283447265625,-0.14533491432666778564453125,0.1799673736095428466796875,-0.115308724343776702880859375,0.20206843316555023193359375,-0.0020473026670515537261962890625,-0.1883060634136199951171875,-0.124881379306316375732421875,-0.0406231097877025604248046875,0.117287389934062957763671875,-0.098725505173206329345703125,-0.183989048004150390625,-0.048322565853595733642578125,-0.076535604894161224365234375,0.010603344999253749847412109375,-0.05885900557041168212890625,0.0203173942863941192626953125,0.096043050289154052734375,-0.116105385124683380126953125,-0.3372271955013275146484375,-0.02862284891307353973388671875,-0.1964983046054840087890625,-0.01344799064099788665771484375,-0.0497610159218311309814453125,-0.115412928164005279541015625,-0.02291114442050457000732421875,-0.24862115085124969482421875,-0.0522885732352733612060546875,-0.02508120797574520111083984375,0.08878628909587860107421875,0.030009560286998748779296875,0.02468323148787021636962890625,0.21454584598541259765625,0.03084574826061725616455078125,-0.15329311788082122802734375,-0.0064948615618050098419189453125,0.0031661107204854488372802734375,0.24111235141754150390625,0.18929998576641082763671875,0.02093551494181156158447265625,0.0622843988239765167236328125,-0.095963783562183380126953125,0.14196561276912689208984375,-0.17878241837024688720703125,0.14348126947879791259765625,0.108327589929103851318359375,0.1574380695819854736328125,0.031814314424991607666015625,0.0509739629924297332763671875,-0.20807118713855743408203125,-0.0421537943184375762939453125,0.079225771129131317138671875,-0.1518016159534454345703125,0.118549622595310211181640625,0.010868289507925510406494140625,-0.071187503635883331298828125,-0.14466182887554168701171875,-0.0381154455244541168212890625,0.304564774036407470703125,0.1622409820556640625,-0.09030927717685699462890625,-0.175972640514373779296875,0.2199204862117767333984375,-0.1328047811985015869140625,-0.040836811065673828125,0.053450696170330047607421875,-0.10459257662296295166015625,-0.1513609588146209716796875,-0.2879965305328369140625,0.096368350088596343994140625,0.4088445603847503662109375,0.15115626156330108642578125,-0.2494449913501739501953125,0.080965436995029449462890625,-0.1661455631256103515625,-0.005920712836086750030517578125,0.073835246264934539794921875,0.10326273739337921142578125,-0.03032822906970977783203125,0.0903634727001190185546875,-0.055843748152256011962890625,-0.0053709228523075580596923828125,0.15833355486392974853515625,0.018516846001148223876953125,-0.056178145110607147216796875,0.18988962471485137939453125,-0.067550010979175567626953125,0.0473910309374332427978515625,0.032709203660488128662109375,-0.006319033913314342498779296875,-0.111016742885112762451171875,0.009064088575541973114013671875,-0.15176846086978912353515625,-0.09037767350673675537109375,0.0343342162668704986572265625,-0.02961617149412631988525390625,0.021544419229030609130859375,0.05737362802028656005859375,-0.2593924999237060546875,0.067154727876186370849609375,-0.0323083736002445220947265625,-0.009235799312591552734375,0.0267601497471332550048828125,0.0323232598602771759033203125,-0.09058512747287750244140625,-0.0591421611607074737548828125,0.15118129551410675048828125,-0.29969692230224609375,0.225949943065643310546875,0.12583316862583160400390625,0.0598164498805999755859375,0.18377299606800079345703125,0.105300657451152801513671875,0.0632598400115966796875,0.06890727579593658447265625,-0.0349586121737957000732421875,-0.20278574526309967041015625,-0.02799622714519500732421875,0.08162926137447357177734375,-0.01619897782802581787109375,0.073209822177886962890625,0.069902427494525909423828125]'),
(21, 'DANIEL HARREZ BIN ZULKARNAIN', '2026-06-19 06:57:22', 1, '[-0.14393566548824310302734375,0.05060721933841705322265625,-0.001870045321993529796600341796875,-0.0273640640079975128173828125,-0.100666224956512451171875,-0.0539957098662853240966796875,-0.009719927795231342315673828125,-0.15836314857006072998046875,0.14134143292903900146484375,-0.053562484681606292724609375,0.2745869457721710205078125,-0.0732251703739166259765625,-0.20096565783023834228515625,-0.11899079382419586181640625,-0.0519650317728519439697265625,0.093060903251171112060546875,-0.079800002276897430419921875,-0.1941435635089874267578125,-0.0453601591289043426513671875,-0.025731503963470458984375,0.0313643775880336761474609375,-0.028606899082660675048828125,0.0335290767252445220947265625,0.098439462482929229736328125,-0.104441098868846893310546875,-0.36109912395477294921875,-0.0386406481266021728515625,-0.10928152501583099365234375,0.013993744738399982452392578125,-0.0308014340698719024658203125,-0.01322454400360584259033203125,0.11144249141216278076171875,-0.2896250188350677490234375,-0.0134149454534053802490234375,-0.005014986731112003326416015625,0.098229013383388519287109375,0.013661221601068973541259765625,0.0461469404399394989013671875,0.20854966342449188232421875,-0.054049946367740631103515625,-0.2178303301334381103515625,-0.0008907068404369056224822998046875,-0.0059650964103639125823974609375,0.20313175022602081298828125,0.15561755001544952392578125,-0.01798051036894321441650390625,0.0573813132941722869873046875,-0.10914631187915802001953125,-0.03094620816409587860107421875,-0.1186507642269134521484375,0.1018350124359130859375,0.21616144478321075439453125,0.14856599271297454833984375,-0.023695878684520721435546875,-0.01303260587155818939208984375,-0.13103480637073516845703125,-0.0440983735024929046630859375,0.095528386533260345458984375,-0.13132859766483306884765625,0.0420783273875713348388671875,0.090190507471561431884765625,-0.0019300817511975765228271484375,-0.0400507710874080657958984375,-0.091691590845584869384765625,0.25267887115478515625,0.059882156550884246826171875,-0.112917833030223846435546875,-0.14983330667018890380859375,0.1560775339603424072265625,-0.16711904108524322509765625,-0.0557451508939266204833984375,0.0844671726226806640625,-0.138768136501312255859375,-0.24292360246181488037109375,-0.2839724123477935791015625,0.108254909515380859375,0.4165837764739990234375,0.129059374332427978515625,-0.2176458537578582763671875,0.117463685572147369384765625,-0.108210854232311248779296875,-0.0466597713530063629150390625,0.054201774299144744873046875,0.0467194020748138427734375,-0.06852205097675323486328125,0.05993665754795074462890625,-0.098290316760540008544921875,0.041480846703052520751953125,0.20925904810428619384765625,0.0350632965564727783203125,-0.0467292778193950653076171875,0.19336993992328643798828125,-0.0448493063449859619140625,0.011463798582553863525390625,0.0312735922634601593017578125,-0.0177048631012439727783203125,0.02284551598131656646728515625,0.03558170795440673828125,-0.1091473102569580078125,0.0295409671962261199951171875,-0.0618348680436611175537109375,-0.063038356602191925048828125,-0.018008567392826080322265625,0.0664029419422149658203125,-0.17143954336643218994140625,0.096910424530506134033203125,-0.0175962410867214202880859375,-0.007416188716888427734375,-0.0510918013751506805419921875,0.0442246012389659881591796875,-0.098527736961841583251953125,-0.074555508792400360107421875,0.13374502956867218017578125,-0.273004114627838134765625,0.24351973831653594970703125,0.098203182220458984375,0.12824271619319915771484375,0.17247663438320159912109375,0.112846873700618743896484375,0.079893968999385833740234375,0.053601361811161041259765625,-0.0236740373075008392333984375,-0.17359144985675811767578125,-0.01371843181550502777099609375,0.114195086061954498291015625,-0.08798609673976898193359375,0.1348610222339630126953125,0.082245051860809326171875]'),
(22, 'HASMAWI BIN HASNAN', '2026-06-19 06:57:22', 1, '[-0.0449430048465728759765625,0.081660322844982147216796875,0.06517614424228668212890625,-0.037420384585857391357421875,-0.0622485317289829254150390625,0.0383402146399021148681640625,-0.0321622304618358612060546875,-0.13201463222503662109375,0.13699953258037567138671875,-0.161990940570831298828125,0.264646351337432861328125,-0.0719260275363922119140625,-0.17720197141170501708984375,-0.19963701069355010986328125,0.01855127699673175811767578125,0.12629330158233642578125,-0.0808194577693939208984375,-0.23584704101085662841796875,0.006842761300504207611083984375,-0.07892429828643798828125,0.011832867749035358428955078125,-0.11868850886821746826171875,0.00857993774116039276123046875,0.0474651120603084564208984375,-0.1473066806793212890625,-0.3914673328399658203125,-0.085042439401149749755859375,-0.0575436763465404510498046875,0.0595157705247402191162109375,-0.1096367537975311279296875,-0.076183728873729705810546875,0.12015871703624725341796875,-0.2196265757083892822265625,-0.05544674396514892578125,-0.076544649899005889892578125,0.10671333968639373779296875,0.003073780797421932220458984375,-0.0329259149730205535888671875,0.13278396427631378173828125,-0.021605543792247772216796875,-0.20442916452884674072265625,0.00570921599864959716796875,0.01987885870039463043212890625,0.23733322322368621826171875,0.18253044784069061279296875,0.05863575637340545654296875,0.0427211038768291473388671875,-0.000107607062091119587421417236328125,0.06899936497211456298828125,-0.20470225811004638671875,0.1083316504955291748046875,0.119084693491458892822265625,0.1082042753696441650390625,0.007134501822292804718017578125,0.0472580492496490478515625,-0.13780744373798370361328125,-0.054919697344303131103515625,0.08632028102874755859375,-0.09166269004344940185546875,0.0603428073227405548095703125,-0.0190293453633785247802734375,-0.0496464259922504425048828125,0.00295218429528176784515380859375,-0.055340863764286041259765625,0.250872790813446044921875,0.13158740103244781494140625,-0.066722400486469268798828125,-0.0909883677959442138671875,0.17103631794452667236328125,-0.11521349847316741943359375,-0.0470920763909816741943359375,0.03715454041957855224609375,-0.120565108954906463623046875,-0.15236699581146240234375,-0.303769648075103759765625,0.14131438732147216796875,0.3954133093357086181640625,0.119609571993350982666015625,-0.15659628808498382568359375,0.07511220872402191162109375,0.00159938284195959568023681640625,0.003320060670375823974609375,0.102113731205463409423828125,0.115416131913661956787109375,-0.094939373433589935302734375,0.0317279659211635589599609375,-0.090108387172222137451171875,-0.0004876747843809425830841064453125,0.187642157077789306640625,0.02741362713277339935302734375,-0.07820546627044677734375,0.18929819762706756591796875,-0.08717350661754608154296875,0.0788943767547607421875,0.06257061660289764404296875,0.0449319593608379364013671875,-0.0507714413106441497802734375,0.057143270969390869140625,-0.1390756070613861083984375,-0.0270948708057403564453125,0.07078726589679718017578125,-0.07022981345653533935546875,-0.029308259487152099609375,0.123335652053356170654296875,-0.15543799102306365966796875,0.060681641101837158203125,-0.038886971771717071533203125,0.0446464158594608306884765625,0.0364377237856388092041015625,0.075372755527496337890625,-0.082796923816204071044921875,-0.0884792804718017578125,0.078243650496006011962890625,-0.2671537101268768310546875,0.120414666831493377685546875,0.18949590623378753662109375,0.0341451205313205718994140625,0.15069656074047088623046875,0.17919130623340606689453125,0.071244798600673675537109375,0.090970821678638458251953125,-0.057926885783672332763671875,-0.137929618358612060546875,-0.02822188101708889007568359375,0.1141671836376190185546875,-0.04700572788715362548828125,0.039308346807956695556640625,0.0606769025325775146484375]'),
(23, 'MUHAMMAD HAFIZ BIN LATIFF', '2026-06-19 06:57:22', 1, '[-0.104811377823352813720703125,0.089032568037509918212890625,-0.0335998237133026123046875,-0.02218803949654102325439453125,-0.06791065633296966552734375,-0.064612530171871185302734375,-0.0383397899568080902099609375,-0.12663088738918304443359375,0.1260428726673126220703125,-0.01529043726623058319091796875,0.29645144939422607421875,-0.067021213471889495849609375,-0.1895175278186798095703125,-0.16230286657810211181640625,0.02420447766780853271484375,0.17683546245098114013671875,-0.15617080032825469970703125,-0.120671801269054412841796875,-0.066010810434818267822265625,-0.00308387516997754573822021484375,0.097055308520793914794921875,-0.0227400995790958404541015625,0.065246887505054473876953125,0.081813074648380279541015625,-0.1412747800350189208984375,-0.3095111846923828125,-0.11250960826873779296875,-0.082129873335361480712890625,0.060554660856723785400390625,-0.051334880292415618896484375,-0.0594963692128658294677734375,0.013733399100601673126220703125,-0.220147430896759033203125,-0.100570373237133026123046875,0.06575895845890045166015625,0.071406267583370208740234375,0.00273743015713989734649658203125,-0.043601147830486297607421875,0.1893568336963653564453125,-0.01097522862255573272705078125,-0.24015353620052337646484375,-0.02600099705159664154052734375,0.063067458570003509521484375,0.260417401790618896484375,0.18054299056529998779296875,0.100953467190265655517578125,0.0159780681133270263671875,-0.100607775151729583740234375,0.079368375241756439208984375,-0.0866826474666595458984375,0.07910142838954925537109375,0.156343519687652587890625,0.0965733826160430908203125,0.043834932148456573486328125,0.01143178530037403106689453125,-0.117349468171596527099609375,0.0330275557935237884521484375,0.1555398404598236083984375,-0.123000256717205047607421875,-0.0552678816020488739013671875,0.064507685601711273193359375,-0.01942037604749202728271484375,0.0074987816624343395233154296875,-0.101106874644756317138671875,0.2835736572742462158203125,0.036238707602024078369140625,-0.117914624512195587158203125,-0.16226418316364288330078125,0.109185270965099334716796875,-0.086368210613727569580078125,-0.091902546584606170654296875,0.0789645016193389892578125,-0.20319782197475433349609375,-0.17718814313411712646484375,-0.371973812580108642578125,0.0328754596412181854248046875,0.387721478939056396484375,0.053289629518985748291015625,-0.21563969552516937255859375,0.052153505384922027587890625,-0.02413067407906055450439453125,0.001304843113757669925689697265625,0.14457653462886810302734375,0.13858799636363983154296875,-4.53574421044322662055492401123046875e-6,0.03606985509395599365234375,-0.12213729321956634521484375,-0.04587876796722412109375,0.22380231320858001708984375,-0.090310357511043548583984375,-0.01271108724176883697509765625,0.18295018374919891357421875,-0.02769180200994014739990234375,0.03265853226184844970703125,0.01641315780580043792724609375,0.026544608175754547119140625,-0.058069527149200439453125,0.0570824779570102691650390625,-0.09454207122325897216796875,-0.02268185280263423919677734375,0.050779916346073150634765625,0.013879167847335338592529296875,0.00328817567788064479827880859375,0.13385288417339324951171875,-0.15819895267486572265625,0.0618862919509410858154296875,0.05272568762302398681640625,0.0413729287683963775634765625,-0.0056412476114928722381591796875,0.006781003437936305999755859375,-0.089354477822780609130859375,-0.14459560811519622802734375,0.070161812007427215576171875,-0.24683211743831634521484375,0.21165899932384490966796875,0.169074118137359619140625,0.035896517336368560791015625,0.084071405231952667236328125,0.089147664606571197509765625,0.12098862230777740478515625,-0.02097467519342899322509765625,0.038996793329715728759765625,-0.18001262843608856201171875,-0.002447302453219890594482421875,0.12714660167694091796875,-0.03671683371067047119140625,0.095577172935009002685546875,-0.0014218264259397983551025390625]'),
(24, 'MUHAMMAD NAZMI BIN MOHD NAZRI', '2026-06-19 06:57:22', 1, '[-0.18414951860904693603515625,0.0659053623676300048828125,0.051020942628383636474609375,-0.083292119204998016357421875,-0.08483982086181640625,-0.0300264917314052581787109375,-0.06907236576080322265625,-0.133253991603851318359375,0.10491526126861572265625,-0.145629107952117919921875,0.17431212961673736572265625,-0.055843897163867950439453125,-0.2112023830413818359375,-0.094145096838474273681640625,-0.0149114318192005157470703125,0.14319278299808502197265625,-0.16274370253086090087890625,-0.14496110379695892333984375,0.01679987646639347076416015625,-0.082503139972686767578125,0.066388912498950958251953125,-0.038096539676189422607421875,0.0473286546766757965087890625,0.03375373780727386474609375,-0.1338579952716827392578125,-0.2937133312225341796875,-0.080021560192108154296875,-0.089863292872905731201171875,0.018720053136348724365234375,-0.0557031370699405670166015625,-0.0447534359991550445556640625,-0.02761404216289520263671875,-0.22544355690479278564453125,-0.000938825425691902637481689453125,-0.01242131181061267852783203125,0.1293909847736358642578125,0.03091108985245227813720703125,-0.01910258643329143524169921875,0.17173381149768829345703125,-0.02660460583865642547607421875,-0.1759479939937591552734375,-0.051725648343563079833984375,0.031931452453136444091796875,0.21596038341522216796875,0.149220645427703857421875,0.0522436536848545074462890625,0.01927390508353710174560546875,-0.15363521873950958251953125,0.11809737980365753173828125,-0.1345918178558349609375,0.1178452074527740478515625,0.11118662357330322265625,0.0501485951244831085205078125,0.050884030759334564208984375,0.0083451457321643829345703125,-0.13247883319854736328125,0.0512584336102008819580078125,0.09642779827117919921875,-0.09027697145938873291015625,0.071646489202976226806640625,0.092956624925136566162109375,-0.0542810149490833282470703125,0.00533079542219638824462890625,-0.063826300203800201416015625,0.2889466583728790283203125,0.051511503756046295166015625,-0.118908084928989410400390625,-0.174758434295654296875,0.101427532732486724853515625,-0.11048196256160736083984375,-0.086407952010631561279296875,0.082088910043239593505859375,-0.1377589702606201171875,-0.15278817713260650634765625,-0.32596933841705322265625,0.0579219721257686614990234375,0.4350658953189849853515625,0.13837517797946929931640625,-0.1688033044338226318359375,0.0348620116710662841796875,-0.08770395815372467041015625,-0.063324153423309326171875,0.179364383220672607421875,0.1948193013668060302734375,-0.0131823979318141937255859375,0.0367929749190807342529296875,-0.06643237173557281494140625,0.0502374805510044097900390625,0.2363539040088653564453125,-0.0502788014709949493408203125,-0.0822871029376983642578125,0.16223947703838348388671875,-0.0161875225603580474853515625,0.128154695034027099609375,-0.0374807454645633697509765625,0.02700650878250598907470703125,-0.09889902174472808837890625,0.0655918419361114501953125,-0.081288419663906097412109375,-0.03933651745319366455078125,0.0337694175541400909423828125,-0.006737438030540943145751953125,0.01605677790939807891845703125,0.14088036119937896728515625,-0.1518405377864837646484375,0.11251460015773773193359375,0.006061543710529804229736328125,0.00378831918351352214813232421875,-0.022066645324230194091796875,0.029958434402942657470703125,-0.0937118232250213623046875,-0.0709011554718017578125,0.07601892948150634765625,-0.2469657361507415771484375,0.211515128612518310546875,0.20364938676357269287109375,0.0935080051422119140625,0.13819746673107147216796875,0.123529978096485137939453125,0.0872100889682769775390625,0.063746392726898193359375,0.02042271196842193603515625,-0.15883152186870574951171875,0.02671615593135356903076171875,0.0887864530086517333984375,-0.01438029110431671142578125,0.1383381783962249755859375,0.0507522188127040863037109375]'),
(25, 'MUHAMMAD UMAR YAZID BIN NORAZAM', '2026-06-19 06:57:22', 1, '[-0.15460361540317535400390625,0.102744989097118377685546875,-0.0071906740777194499969482421875,-0.0577640533447265625,-0.0336826182901859283447265625,-0.0765192508697509765625,-0.0243733637034893035888671875,-0.112615860998630523681640625,0.14079959690570831298828125,-0.075618423521518707275390625,0.3162600696086883544921875,-0.0084027349948883056640625,-0.19192652404308319091796875,-0.11988757550716400146484375,-0.0512338317930698394775390625,0.0937955081462860107421875,-0.149041354656219482421875,-0.1515030562877655029296875,-0.0450413860380649566650390625,0.01849713362753391265869140625,0.11307306587696075439453125,-0.0528432242572307586669921875,-0.01255822740495204925537109375,0.099319934844970703125,-0.101039730012416839599609375,-0.324244976043701171875,-0.02996166236698627471923828125,-0.076705135405063629150390625,0.0342955924570560455322265625,-0.0333921611309051513671875,0.000204769588890485465526580810546875,0.0539295375347137451171875,-0.252977192401885986328125,-0.0316947959363460540771484375,-0.0230855755507946014404296875,0.099193476140499114990234375,-0.0041274777613580226898193359375,0.0503370948135852813720703125,0.2552419602870941162109375,-0.0601725764572620391845703125,-0.207822501659393310546875,-0.07579924166202545166015625,0.0096093714237213134765625,0.2942776381969451904296875,0.26469576358795166015625,-0.02838261984288692474365234375,0.015189756639301776885986328125,-0.08357657492160797119140625,0.0566855408251285552978515625,-0.24258168041706085205078125,0.0358859039843082427978515625,0.15259401500225067138671875,0.125289738178253173828125,0.076220452785491943359375,-0.009977032430469989776611328125,-0.1590155065059661865234375,-0.0213623680174350738525390625,0.14354942739009857177734375,-0.117380440235137939453125,-0.006324893794953823089599609375,-0.0063636251725256443023681640625,-0.1259868443012237548828125,-0.0213723592460155487060546875,-0.0949547588825225830078125,0.3425846099853515625,0.0336885638535022735595703125,-0.18002931773662567138671875,-0.10730640590190887451171875,0.159658253192901611328125,-0.163174450397491455078125,-0.0559372119605541229248046875,0.071327440440654754638671875,-0.1041615009307861328125,-0.19998456537723541259765625,-0.36521327495574951171875,0.0768983662128448486328125,0.383838593959808349609375,0.141557991504669189453125,-0.263869225978851318359375,0.106364376842975616455078125,-0.10977391898632049560546875,-0.0257328785955905914306640625,0.137856662273406982421875,0.104724355041980743408203125,-0.0161917321383953094482421875,0.0592860467731952667236328125,-0.124786369502544403076171875,-0.010457986034452915191650390625,0.2177188396453857421875,-0.012759675271809101104736328125,-0.01933454908430576324462890625,0.2146252095699310302734375,-0.02311235480010509490966796875,0.070451609790325164794921875,0.05983649194240570068359375,0.024756751954555511474609375,-0.02177801914513111114501953125,0.003190596587955951690673828125,-0.1789344251155853271484375,0.0473640747368335723876953125,-0.067428834736347198486328125,-0.0287530124187469482421875,0.001212306320667266845703125,0.120307154953479766845703125,-0.1395948827266693115234375,0.109976373612880706787109375,0.02811849676072597503662109375,0.0434513799846172332763671875,-0.02073473297059535980224609375,-0.026372723281383514404296875,-0.07085131108760833740234375,-0.12754853069782257080078125,0.099530063569545745849609375,-0.264727890491485595703125,0.20659662783145904541015625,0.11403267085552215576171875,0.080302171409130096435546875,0.199423253536224365234375,0.120015449821949005126953125,0.07149063050746917724609375,0.00087974057532846927642822265625,-0.012365334667265415191650390625,-0.1873634755611419677734375,0.049948297441005706787109375,0.099583320319652557373046875,-0.046930275857448577880859375,0.1118003427982330322265625,0.01889099366962909698486328125]'),
(26, 'nama', '2026-06-19 07:34:49', NULL, NULL),
(27, 'nama1', '2026-06-19 07:54:37', 4, '[-0.0642080008983612060546875,0.09941057860851287841796875,0.12121422588825225830078125,0.0310668051242828369140625,0.0006949438829906284809112548828125,-0.08591364324092864990234375,-0.008176055736839771270751953125,-0.097177565097808837890625,0.11231593787670135498046875,-0.02318612672388553619384765625,0.2509444653987884521484375,0.0059994398616254329681396484375,-0.1884610950946807861328125,-0.161969959735870361328125,0.094532944262027740478515625,0.09404218196868896484375,-0.16593976318836212158203125,-0.0652638971805572509765625,-0.0562509782612323760986328125,-0.084286473691463470458984375,0.013885821215808391571044921875,0.01632775180041790008544921875,0.100325949490070343017578125,-0.01219905726611614227294921875,-0.15332366526126861572265625,-0.403939187526702880859375,-0.079297490417957305908203125,-0.155209958553314208984375,0.0506624169647693634033203125,-0.04659740626811981201171875,-0.031701020896434783935546875,0.05485610663890838623046875,-0.16793455183506011962890625,0.003524608910083770751953125,-0.05210340023040771484375,0.0283843241631984710693359375,0.01813979633152484893798828125,-0.06955115497112274169921875,0.1884327828884124755859375,0.0552347414195537567138671875,-0.17872010171413421630859375,-0.066775299608707427978515625,-0.0335067547857761383056640625,0.22660319507122039794921875,0.18058858811855316162109375,0.0251194573938846588134765625,0.05426703393459320068359375,0.0069414754398167133331298828125,0.046365551650524139404296875,-0.16826604306697845458984375,0.0207476355135440826416015625,0.10964109003543853759765625,0.0748522579669952392578125,0.01928146183490753173828125,0.02772429771721363067626953125,-0.101859174668788909912109375,-0.00367224775254726409912109375,-0.01907139830291271209716796875,-0.17188976705074310302734375,0.0077739008702337741851806640625,0.01698048599064350128173828125,-0.13159157335758209228515625,-0.069179058074951171875,-0.00977265648543834686279296875,0.3050076067447662353515625,0.13184465467929840087890625,-0.097874991595745086669921875,-0.0427534878253936767578125,0.123233549296855926513671875,-0.140022575855255126953125,-0.060470499098300933837890625,0.0437651909887790679931640625,-0.13893985748291015625,-0.12671862542629241943359375,-0.3138495385646820068359375,0.079967983067035675048828125,0.35264682769775390625,0.0611540786921977996826171875,-0.21704089641571044921875,-0.0299293361604213714599609375,-0.118039123713970184326171875,0.00314768706448376178741455078125,0.12535540759563446044921875,0.14626853168010711669921875,-0.090207539498805999755859375,0.0518468134105205535888671875,-0.10924923419952392578125,0.019583918154239654541015625,0.20190812647342681884765625,-0.065558530390262603759765625,-0.0561005361378192901611328125,0.23004226386547088623046875,-0.0382561050355434417724609375,0.097315020859241485595703125,-0.00274480530060827732086181640625,-0.036741755902767181396484375,-0.01733985729515552520751953125,-0.002316341735422611236572265625,-0.048610873520374298095703125,-0.00056465505622327327728271484375,0.168792247772216796875,-0.07343579828739166259765625,0.002538005821406841278076171875,0.12675917148590087890625,-0.1943353116512298583984375,0.0354967303574085235595703125,0.04031550884246826171875,-0.0410898290574550628662109375,0.123149178922176361083984375,0.00354125513695180416107177734375,-0.089083202183246612548828125,-0.1459032595157623291015625,0.12388479709625244140625,-0.21629418432712554931640625,0.19534514844417572021484375,0.21607916057109832763671875,-0.0077501903288066387176513671875,0.1255193650722503662109375,0.0307224281132221221923828125,0.0926969051361083984375,-0.06125561892986297607421875,-0.02190413139760494232177734375,-0.12254011631011962890625,0.00209100754000246524810791015625,0.08547089993953704833984375,0.00248744455166161060333251953125,0.0125807560980319976806640625,-0.010592269711196422576904296875]'),
(28, 'nama2', '2026-06-19 07:54:41', 4, '[-0.124681837856769561767578125,0.0820911228656768798828125,0.014730933122336864471435546875,-0.0439873673021793365478515625,-0.10363759100437164306640625,-0.0284598059952259063720703125,-0.050955079495906829833984375,-0.090074978768825531005859375,0.14403831958770751953125,-0.069717824459075927734375,0.23340976238250732421875,6.1808837926946580410003662109375e-5,-0.2031883895397186279296875,-0.09141647815704345703125,-0.0767509937286376953125,0.083625532686710357666015625,-0.15040828287601470947265625,-0.16234351694583892822265625,0.001311991713009774684906005859375,-0.0580346621572971343994140625,0.0213269479572772979736328125,-0.055527232587337493896484375,0.0095517672598361968994140625,0.10110294818878173828125,-0.13827855885028839111328125,-0.321776926517486572265625,-0.15057893097400665283203125,-0.0437723211944103240966796875,0.0058740829117596149444580078125,-0.058580935001373291015625,-0.06775574386119842529296875,0.0350610874593257904052734375,-0.13597126305103302001953125,-0.04850600659847259521484375,0.011342893354594707489013671875,0.10141122341156005859375,-0.023588083684444427490234375,-0.06991855800151824951171875,0.1901644766330718994140625,-0.000960381818003952503204345703125,-0.1568835675716400146484375,0.00212456635199487209320068359375,0.068315483629703521728515625,0.335933268070220947265625,0.21413981914520263671875,0.0735649764537811279296875,0.0006529489182867109775543212890625,-0.0332788527011871337890625,0.08766470849514007568359375,-0.1819796860218048095703125,0.11638148128986358642578125,0.21730382740497589111328125,0.112428568303585052490234375,0.0288136415183544158935546875,0.058726929128170013427734375,-0.13860525190830230712890625,-0.0401759482920169830322265625,0.1284344494342803955078125,-0.06345404684543609619140625,0.02609728276729583740234375,-0.04827773571014404296875,-0.02271117269992828369140625,0.034232892096042633056640625,-0.093472234904766082763671875,0.2368913590908050537109375,0.1650174558162689208984375,-0.1323096752166748046875,-0.12524847686290740966796875,0.16288532316684722900390625,-0.16587646305561065673828125,-0.1214549541473388671875,-0.008752676658332347869873046875,-0.17215289175510406494140625,-0.1880778968334197998046875,-0.30918610095977783203125,0.084903903305530548095703125,0.4179359972476959228515625,0.1819430291652679443359375,-0.1620509326457977294921875,0.070423819124698638916015625,-0.045011542737483978271484375,-0.0361415185034275054931640625,0.077709816396236419677734375,0.13110007345676422119140625,-0.15026868879795074462890625,0.043463774025440216064453125,-0.1375444829463958740234375,0.008280194364488124847412109375,0.2100959718227386474609375,0.015351270325481891632080078125,-0.100192643702030181884765625,0.18960984051227569580078125,-0.02119565568864345550537109375,0.07477785646915435791015625,0.086324036121368408203125,0.0445117540657520294189453125,-0.0824496448040008544921875,0.03884576261043548583984375,-0.17592151463031768798828125,-0.027226425707340240478515625,0.105261929333209991455078125,-0.066097371280193328857421875,0.01939746551215648651123046875,0.1570392549037933349609375,-0.15334044396877288818359375,0.0478908978402614593505859375,0.032368637621402740478515625,0.026490367949008941650390625,-0.01200838573276996612548828125,0.0689302980899810791015625,-0.16026647388935089111328125,-0.075881801545619964599609375,0.13229906558990478515625,-0.2325865328311920166015625,0.1889244616031646728515625,0.1474979221820831298828125,0.0635192394256591796875,0.15210573375225067138671875,0.1976293027400970458984375,0.0488306023180484771728515625,0.0444494821131229400634765625,-0.0478114187717437744140625,-0.070872075855731964111328125,-0.0322461239993572235107421875,0.0478440932929515838623046875,-0.0048110899515450000762939453125,0.1290635764598846435546875,0.07164478302001953125]'),
(29, 'fizzy', '2026-06-19 08:15:44', 4, '[-0.147574961185455322265625,0.0573381595313549041748046875,0.0535359792411327362060546875,0.0417031347751617431640625,-0.012351282872259616851806640625,-0.069688208401203155517578125,-0.07374964654445648193359375,-0.089199729263782501220703125,0.1115228831768035888671875,-0.05916099250316619873046875,0.22816531360149383544921875,-0.058376826345920562744140625,-0.22120656073093414306640625,-0.104330889880657196044921875,-0.05879218876361846923828125,0.14756964147090911865234375,-0.13318808376789093017578125,-0.114830382168292999267578125,-0.0646434128284454345703125,-0.0673544108867645263671875,0.063930384814739227294921875,-0.0588819421827793121337890625,0.0166827142238616943359375,0.0453674308955669403076171875,-0.103710897266864776611328125,-0.3520282804965972900390625,-0.087252907454967498779296875,-0.094778724014759063720703125,0.08015219867229461669921875,-0.05785934627056121826171875,-0.071445934474468231201171875,-0.0375915654003620147705078125,-0.14151887595653533935546875,-0.08007587492465972900390625,0.0396820269525051116943359375,0.09908257424831390380859375,-0.01921956427395343780517578125,-0.0507408790290355682373046875,0.2138307392597198486328125,-0.0293544419109821319580078125,-0.15141282975673675537109375,-0.0486536063253879547119140625,0.0640338361263275146484375,0.2799830734729766845703125,0.1417813599109649658203125,0.14802055060863494873046875,0.0506625734269618988037109375,-0.081102900207042694091796875,0.08463235199451446533203125,-0.1941321790218353271484375,0.040853440761566162109375,0.1604332625865936279296875,0.097533814609050750732421875,0.079181499779224395751953125,0.06755872070789337158203125,-0.119066365063190460205078125,0.058514654636383056640625,0.061659179627895355224609375,-0.16162250936031341552734375,0.037401817739009857177734375,0.0757028162479400634765625,-0.059977151453495025634765625,-0.0076495609246194362640380859375,-0.0572586916387081146240234375,0.269001781940460205078125,0.054912365972995758056640625,-0.1243286430835723876953125,-0.1097756922245025634765625,0.099200598895549774169921875,-0.1947160065174102783203125,-0.03172646462917327880859375,0.0428405590355396270751953125,-0.085146091878414154052734375,-0.1772566139698028564453125,-0.3420836031436920166015625,0.0351350642740726470947265625,0.4413631260395050048828125,0.193290889263153076171875,-0.125522673130035400390625,0.0545851401984691619873046875,-0.0442979037761688232421875,-0.046503491699695587158203125,0.14194960892200469970703125,0.091630876064300537109375,-0.102505840361118316650390625,0.06241668760776519775390625,-0.1108603179454803466796875,-0.01549660228192806243896484375,0.17930920422077178955078125,-0.0041869585402309894561767578125,-0.021387636661529541015625,0.115127511322498321533203125,-0.0068589574657380580902099609375,0.0564654357731342315673828125,0.0133255980908870697021484375,0.02760616131126880645751953125,-0.132463634014129638671875,0.0007783136679790914058685302734375,-0.07342119514942169189453125,-0.02489311806857585906982421875,0.0648958384990692138671875,-0.00340777053497731685638427734375,0.10186827182769775390625,0.0561554543673992156982421875,-0.12810166180133819580078125,0.074145026504993438720703125,-0.02626232802867889404296875,-0.008657741360366344451904296875,0.005722723901271820068359375,0.060468591749668121337890625,-0.1469073593616485595703125,-0.087466157972812652587890625,0.10348999500274658203125,-0.2387950420379638671875,0.14262662827968597412109375,0.197663843631744384765625,0.071176588535308837890625,0.117166839540004730224609375,0.13554023206233978271484375,0.08506114780902862548828125,-0.02313924394547939300537109375,0.03356875479221343994140625,-0.112863503396511077880859375,-0.0609904192388057708740234375,0.01867841742932796478271484375,-0.02121290005743503570556640625,0.1468737125396728515625,0.000766714918427169322967529296875]'),
(30, 'ADAM ZULKARNAIN BIN SYAMSUL HAFIZ', '2026-06-19 08:51:29', 1, '[-0.106615848839282989501953125,0.066446237266063690185546875,0.07781727612018585205078125,-0.011935596354305744171142578125,-0.0455204434692859649658203125,-0.0658989846706390380859375,-0.0430639870464801788330078125,-0.1320389211177825927734375,0.114344768226146697998046875,-0.10434956848621368408203125,0.2313897311687469482421875,-0.10439588129520416259765625,-0.19591708481311798095703125,-0.1710682213306427001953125,-0.007358841598033905029296875,0.10717880725860595703125,-0.105795085430145263671875,-0.15987081825733184814453125,-0.0411017201840877532958984375,-0.072719097137451171875,0.065610103309154510498046875,-0.02803766727447509765625,0.0541706793010234832763671875,0.054483048617839813232421875,-0.09498716890811920166015625,-0.3430888652801513671875,-0.069556839764118194580078125,-0.12684108316898345947265625,0.0738113224506378173828125,-0.088154174387454986572265625,-0.100322134792804718017578125,0.0621949024498462677001953125,-0.2764128148555755615234375,-0.09938971698284149169921875,-0.062594704329967498779296875,0.09492672979831695556640625,0.056794755160808563232421875,-1.747362330206669867038726806640625e-5,0.17564319074153900146484375,0.014400807209312915802001953125,-0.20864434540271759033203125,-0.0122297890484333038330078125,-0.0065810498781502246856689453125,0.259720504283905029296875,0.20780725777149200439453125,0.0609992705285549163818359375,-0.009192091412842273712158203125,-0.06971620023250579833984375,0.085914842784404754638671875,-0.12692643702030181884765625,0.118267536163330078125,0.1231252849102020263671875,0.17609919607639312744140625,0.005945640616118907928466796875,0.0670211017131805419921875,-0.12621320784091949462890625,-0.0070612798444926738739013671875,0.056281991302967071533203125,-0.12166674435138702392578125,0.0340776778757572174072265625,0.0482001639902591705322265625,-0.056750334799289703369140625,0.02934201247990131378173828125,-0.0952300727367401123046875,0.278511703014373779296875,-0.01471549831330776214599609375,-0.077430285513401031494140625,-0.0775764882564544677734375,0.111628957092761993408203125,-0.097399555146694183349609375,-0.041058816015720367431640625,0.11101017892360687255859375,-0.108580172061920166015625,-0.13342408835887908935546875,-0.347605049610137939453125,0.12563502788543701171875,0.419583499431610107421875,0.11026346683502197265625,-0.23110489547252655029296875,0.074335038661956787109375,-0.09020034968852996826171875,-0.093023397028446197509765625,0.11418162286281585693359375,0.121194221079349517822265625,-0.045339353382587432861328125,0.100051365792751312255859375,-0.10368287563323974609375,-0.000122946439660154283046722412109375,0.16976726055145263671875,-0.02879163436591625213623046875,-0.0465281866490840911865234375,0.1902143657207489013671875,-0.074507944285869598388671875,0.0499506294727325439453125,0.0229981355369091033935546875,-0.003891356289386749267578125,-0.10059066116809844970703125,0.0432419814169406890869140625,-0.115999706089496612548828125,-0.056012861430644989013671875,0.0560581386089324951171875,-0.064381606876850128173828125,-0.036569871008396148681640625,0.07235498726367950439453125,-0.19004838168621063232421875,0.0448165945708751678466796875,-0.00376436603255569934844970703125,-0.03058711253106594085693359375,-0.02569046057760715484619140625,-0.02502306737005710601806640625,-0.106266103684902191162109375,-0.069963447749614715576171875,0.105473749339580535888671875,-0.2895247638225555419921875,0.146024167537689208984375,0.1480852067470550537109375,0.0532821379601955413818359375,0.1603690087795257568359375,0.119085870683193206787109375,0.07991969585418701171875,0.01898094452917575836181640625,-0.020729541778564453125,-0.13295088708400726318359375,-0.0337446890771389007568359375,0.17617128789424896240234375,-0.014601931907236576080322265625,0.134837806224822998046875,0.0528205521404743194580078125]'),
(31, 'daron', '2026-06-22 06:46:28', 4, '[-0.08693833649158477783203125,0.0359411537647247314453125,0.084705419838428497314453125,-0.0788840949535369873046875,-0.103571541607379913330078125,-0.02498084865510463714599609375,-0.09817902743816375732421875,-0.06331036984920501708984375,0.14047022163867950439453125,-0.12403030693531036376953125,0.243260681629180908203125,-0.0264064967632293701171875,-0.20306809246540069580078125,-0.099983103573322296142578125,-0.000411946442909538745880126953125,0.15290062129497528076171875,-0.19905109703540802001953125,-0.11026857793331146240234375,-0.01585714332759380340576171875,-0.02663953788578510284423828125,0.00443395785987377166748046875,-0.0470897145569324493408203125,0.035701997578144073486328125,0.111661136150360107421875,-0.15290869772434234619140625,-0.4142423570156097412109375,-0.094939887523651123046875,-0.105575524270534515380859375,-0.0351276397705078125,-0.04939891397953033447265625,-0.10465395450592041015625,0.0717582404613494873046875,-0.15550731122493743896484375,-0.024682588875293731689453125,0.011393870227038860321044921875,0.105672053992748260498046875,0.015343458391726016998291015625,-0.042788982391357421875,0.16607175767421722412109375,0.06706805527210235595703125,-0.192354857921600341796875,-0.00340902805328369140625,-0.011245192028582096099853515625,0.2549611032009124755859375,0.20586703717708587646484375,0.051479391753673553466796875,0.051612876355648040771484375,-0.014294012449681758880615234375,0.085623167455196380615234375,-0.23080573976039886474609375,0.03015799261629581451416015625,0.1669723093509674072265625,0.09854669868946075439453125,0.00200679362751543521881103515625,0.03838293254375457763671875,-0.16631476581096649169921875,-0.013386649079620838165283203125,0.097998507320880889892578125,-0.13363175094127655029296875,0.0035520978271961212158203125,-0.040651626884937286376953125,-0.103085257112979888916015625,-0.006272370927035808563232421875,-0.07058189809322357177734375,0.311580657958984375,0.145868122577667236328125,-0.1695329844951629638671875,-0.123301170766353607177734375,0.095393888652324676513671875,-0.1299429833889007568359375,-0.069641582667827606201171875,-0.00301351468078792095184326171875,-0.17895682156085968017578125,-0.164790928363800048828125,-0.3578622639179229736328125,0.035171858966350555419921875,0.3533188998699188232421875,0.15837967395782470703125,-0.2547021210193634033203125,0.045042268931865692138671875,-0.1464541852474212646484375,-0.0009559898753650486469268798828125,0.05160970985889434814453125,0.16443400084972381591796875,-0.0547835417091846466064453125,0.085313357412815093994140625,-0.090746127068996429443359375,-0.038188792765140533447265625,0.1343529224395751953125,-0.02869545109570026397705078125,-0.026167429983615875244140625,0.23181731998920440673828125,-0.03692726790904998779296875,0.100602924823760986328125,0.034086443483829498291015625,-0.0291022993624210357666015625,-0.126008093357086181640625,-0.04186604917049407958984375,-0.123718656599521636962890625,-0.054255224764347076416015625,0.011046227999031543731689453125,-0.027096770703792572021484375,0.01425255648791790008544921875,0.111078374087810516357421875,-0.2453934848308563232421875,0.0786719024181365966796875,-0.02955173514783382415771484375,-0.03826583921909332275390625,0.008490673266351222991943359375,0.041516982018947601318359375,-0.117810897529125213623046875,-0.1138269603252410888671875,0.1330728232860565185546875,-0.2965323925018310546875,0.12405712902545928955078125,0.239187657833099365234375,0.072321243584156036376953125,0.18976651132106781005859375,0.1527190506458282470703125,0.0294567681849002838134765625,-0.0379423983395099639892578125,0.00350063829682767391204833984375,-0.09333847463130950927734375,-0.003919980488717555999755859375,0.069481573998928070068359375,-0.033576704561710357666015625,0.07883356511592864990234375,0.000920706545002758502960205078125]');
INSERT INTO `students` (`id`, `full_name`, `created_at`, `batch_id`, `face_descriptor`) VALUES
(33, 'Emil', '2026-06-24 00:36:09', 6, '[-0.1221800744533538818359375,0.09452922642230987548828125,0.123140878975391387939453125,-0.01307803578674793243408203125,-0.02902520261704921722412109375,-0.089762441813945770263671875,0.02145054005086421966552734375,-0.12462259829044342041015625,0.1481681764125823974609375,-0.0616010129451751708984375,0.2583442032337188720703125,-0.031839601695537567138671875,-0.2166635990142822265625,-0.1518311798572540283203125,0.063576333224773406982421875,0.13287164270877838134765625,-0.14973627030849456787109375,-0.07148398458957672119140625,-0.0455121584236621856689453125,-0.088919930160045623779296875,0.0032573663629591464996337890625,0.012139600701630115509033203125,0.048698604106903076171875,0.0280521214008331298828125,-0.118026793003082275390625,-0.364339649677276611328125,-0.0941382348537445068359375,-0.189405977725982666015625,0.0618910752236843109130859375,-0.01005296222865581512451171875,-0.02922816574573516845703125,0.031444631516933441162109375,-0.120516717433929443359375,-0.0142315961420536041259765625,-0.02595209144055843353271484375,-0.004596658051013946533203125,0.00036664915387518703937530517578125,-0.0754224359989166259765625,0.1874647438526153564453125,0.0360920131206512451171875,-0.1733897626399993896484375,-0.10557769238948822021484375,-0.0369344688951969146728515625,0.20091636478900909423828125,0.14545570313930511474609375,0.0053575593046844005584716796875,0.06784307956695556640625,-0.040389120578765869140625,0.073224298655986785888671875,-0.1607020199298858642578125,0.01322799362242221832275390625,0.09586758911609649658203125,0.09497697651386260986328125,0.0420727692544460296630859375,0.01947204582393169403076171875,-0.13951694965362548828125,-0.010525391437113285064697265625,0.006388151086866855621337890625,-0.21476471424102783203125,0.00861801020801067352294921875,0.0167400799691677093505859375,-0.15085779130458831787109375,-0.11812393367290496826171875,-0.017630912363529205322265625,0.2959297597408294677734375,0.12112374603748321533203125,-0.129185378551483154296875,-0.07496750354766845703125,0.18645942211151123046875,-0.12207664549350738525390625,-0.0186855532228946685791015625,0.070711277425289154052734375,-0.157536983489990234375,-0.1257369220256805419921875,-0.2803604900836944580078125,0.106163062155246734619140625,0.3694336712360382080078125,0.07967768609523773193359375,-0.1636331379413604736328125,-0.0412068665027618408203125,-0.16843871772289276123046875,0.00934284366667270660400390625,0.0358719639480113983154296875,0.13653157651424407958984375,-0.068170838057994842529296875,0.00537799298763275146484375,-0.056666232645511627197265625,-0.0006198147893883287906646728515625,0.123552538454532623291015625,-0.099957264959812164306640625,-0.02193999849259853363037109375,0.228543102741241455078125,-0.036640465259552001953125,0.081446014344692230224609375,-0.048798196017742156982421875,-0.0210878066718578338623046875,-0.050336591899394989013671875,-0.01377340592443943023681640625,0.0117823816835880279541015625,-0.02328203432261943817138671875,0.15647327899932861328125,-0.061959840357303619384765625,0.0554065741598606109619140625,0.10924489796161651611328125,-0.22154773771762847900390625,0.0701177418231964111328125,0.02958823926746845245361328125,-0.0428031198680400848388671875,0.10037209093570709228515625,-0.01317260228097438812255859375,-0.048394620418548583984375,-0.1249351799488067626953125,0.13317646086215972900390625,-0.21417061984539031982421875,0.1937814652919769287109375,0.197672367095947265625,0.034933507442474365234375,0.150586307048797607421875,0.0048545864410698413848876953125,0.06562459468841552734375,-0.047012679278850555419921875,-0.05568261444568634033203125,-0.1104373633861541748046875,0.0027986583299934864044189453125,0.096673764288425445556640625,-0.009989500977098941802978515625,-0.01388681866228580474853515625,-0.013002791441977024078369140625]');

--
-- Indexes for dumped tables
--

--
-- Indexes for table `admin_auth`
--
ALTER TABLE `admin_auth`
  ADD PRIMARY KEY (`id`);

--
-- Indexes for table `attendance_logs`
--
ALTER TABLE `attendance_logs`
  ADD PRIMARY KEY (`id`),
  ADD KEY `student_id` (`student_id`);

--
-- Indexes for table `batches`
--
ALTER TABLE `batches`
  ADD PRIMARY KEY (`id`),
  ADD UNIQUE KEY `name` (`name`);

--
-- Indexes for table `students`
--
ALTER TABLE `students`
  ADD PRIMARY KEY (`id`),
  ADD UNIQUE KEY `full_name` (`full_name`),
  ADD KEY `fk_batch` (`batch_id`);

--
-- AUTO_INCREMENT for dumped tables
--

--
-- AUTO_INCREMENT for table `admin_auth`
--
ALTER TABLE `admin_auth`
  MODIFY `id` int(11) NOT NULL AUTO_INCREMENT, AUTO_INCREMENT=2;

--
-- AUTO_INCREMENT for table `attendance_logs`
--
ALTER TABLE `attendance_logs`
  MODIFY `id` int(11) NOT NULL AUTO_INCREMENT, AUTO_INCREMENT=127;

--
-- AUTO_INCREMENT for table `batches`
--
ALTER TABLE `batches`
  MODIFY `id` int(11) NOT NULL AUTO_INCREMENT, AUTO_INCREMENT=8;

--
-- AUTO_INCREMENT for table `students`
--
ALTER TABLE `students`
  MODIFY `id` int(11) NOT NULL AUTO_INCREMENT, AUTO_INCREMENT=34;

--
-- Constraints for dumped tables
--

--
-- Constraints for table `attendance_logs`
--
ALTER TABLE `attendance_logs`
  ADD CONSTRAINT `attendance_logs_ibfk_1` FOREIGN KEY (`student_id`) REFERENCES `students` (`id`) ON DELETE CASCADE;

--
-- Constraints for table `students`
--
ALTER TABLE `students`
  ADD CONSTRAINT `fk_batch` FOREIGN KEY (`batch_id`) REFERENCES `batches` (`id`) ON DELETE SET NULL;
COMMIT;

/*!40101 SET CHARACTER_SET_CLIENT=@OLD_CHARACTER_SET_CLIENT */;
/*!40101 SET CHARACTER_SET_RESULTS=@OLD_CHARACTER_SET_RESULTS */;
/*!40101 SET COLLATION_CONNECTION=@OLD_COLLATION_CONNECTION */;
